Date,Open,High,Low,Close
19-February-2007,,,,1649.56,
20-February-2007,,,,1633.17,
21-February-2007,,,,1626.98,
22-February-2007,,,,1606.81,
23-February-2007,,,,1564.63,
26-February-2007,,,,1568.52,
27-February-2007,,,,1548.92,
28-February-2007,,,,1488.83,
1-March-2007,,,,1510.34,
2-March-2007,,,,1478.93,
5-March-2007,,,,1422.53,
6-March-2007,,,,1453.89,
7-March-2007,,,,1439.00,
8-March-2007,,,,1490.52,
9-March-2007,,,,1472.73,
12-March-2007,,,,1477.98,
13-March-2007,,,,1489.21,
14-March-2007,,,,1439.75,
15-March-2007,,,,1441.78,
16-March-2007,,,,1429.35,
19-March-2007,,,,1453.27,
20-March-2007,,,,1461.93,
21-March-2007,,,,1486.97,
22-March-2007,,,,1527.37,
23-March-2007,,,,1524.14,
26-March-2007,,,,1507.23,
27-March-2007,,,,1507.23,
28-March-2007,,,,1479.14,
29-March-2007,,,,1489.33,
30-March-2007,,,,1499.77,
2-April-2007,,,,1430.04,
3-April-2007,,,,1448.60,
4-April-2007,,,,1466.86,
5-April-2007,,,,1477.06,
6-April-2007,,,,1477.06,
9-April-2007,,,,1513.75,
10-April-2007,,,,1516.93,
11-April-2007,,,,1518.67,
12-April-2007,,,,1509.25,
13-April-2007,,,,1540.58,
16-April-2007,,,,1576.03,
17-April-2007,,,,1565.68,
18-April-2007,,,,1574.21,
19-April-2007,,,,1568.32,
20-April-2007,,,,1599.42,
23-April-2007,,,,1600.07,
24-April-2007,,,,1625.35,
25-April-2007,,,,1634.97,
26-April-2007,,,,1637.95,
27-April-2007,,,,1604.22,
30-April-2007,,,,1603.22,
1-May-2007,,,,1603.22,
2-May-2007,,,,1603.22,
3-May-2007,,,,1628.56,
4-May-2007,,,,1614.15,
7-May-2007,,,,1609.63,
8-May-2007,,,,1596.01,
9-May-2007,,,,1598.80,
10-May-2007,,,,1596.80,
11-May-2007,,,,1599.61,
14-May-2007,,,,1621.62,
15-May-2007,,,,1617.40,
16-May-2007,,,,1638.10,
17-May-2007,,,,1656.20,
18-May-2007,,,,1656.63,
21-May-2007,,,,1671.35,
22-May-2007,,,,1676.56,
23-May-2007,,,,1666.07,
24-May-2007,,,,1651.01,
25-May-2007,,,,1667.50,
28-May-2007,,,,1672.72,
29-May-2007,,,,1684.89,
30-May-2007,,,,1672.05,
31-May-2007,,,,1687.67,
1-June-2007,,,,1692.46,
4-June-2007,,,,1683.29,
5-June-2007,,,,1689.68,
6-June-2007,,,,1656.04,
7-June-2007,,,,1648.45,
8-June-2007,,,,1633.29,
11-June-2007,,,,1637.00,
12-June-2007,,,,1640.20,
13-June-2007,,,,1624.79,
14-June-2007,,,,1647.33,
15-June-2007,,,,1645.96,
18-June-2007,,,,1637.02,
19-June-2007,,,,1661.74,
20-June-2007,,,,1676.25,
21-June-2007,,,,1686.96,
22-June-2007,,,,1684.24,
25-June-2007,,,,1686.07,
26-June-2007,,,,1690.30,
27-June-2007,,,,1683.74,
28-June-2007,,,,1692.29,
29-June-2007,,,,1710.52,
2-July-2007,,,,1713.03,
3-July-2007,,,,1727.92,
4-July-2007,,,,1734.36,
5-July-2007,,,,1731.85,
6-July-2007,,,,1742.75,
9-July-2007,,,,1754.18,
10-July-2007,,,,1748.52,
11-July-2007,,,,1738.59,
12-July-2007,,,,1762.09,
13-July-2007,,,,1783.64,
16-July-2007,,,,1787.88,
17-July-2007,,,,1782.10,
18-July-2007,,,,1782.34,
19-July-2007,,,,1808.32,
20-July-2007,,,,1808.62,
23-July-2007,,,,1828.69,
24-July-2007,,,,1833.84,
25-July-2007,,,,1822.22,
26-July-2007,,,,1830.12,
27-July-2007,,,,1766.61,
30-July-2007,,,,1768.49,
31-July-2007,,,,1803.06,
1-August-2007,,,,1730.35,
2-August-2007,,,,1735.61,
3-August-2007,,,,1754.42,
6-August-2007,,,,1728.19,
7-August-2007,,,,1734.71,
8-August-2007,,,,1778.38,
9-August-2007,,,,1753.58,
10-August-2007,,,,1727.47,
13-August-2007,,,,1745.26,
14-August-2007,,,,1742.85,
15-August-2007,,,,1742.85,
16-August-2007,,,,1669.54,
17-August-2007,,,,1642.34,
20-August-2007,,,,1676.16,
21-August-2007,,,,1623.89,
22-August-2007,,,,1653.84,
23-August-2007,,,,1641.20,
24-August-2007,,,,1669.43,
27-August-2007,,,,1716.89,
28-August-2007,,,,1725.54,
29-August-2007,,,,1735.41,
30-August-2007,,,,1750.41,
31-August-2007,,,,1773.77,
3-September-2007,,,,1785.93,
4-September-2007,,,,1790.56,
5-September-2007,,,,1790.09,
6-September-2007,,,,1810.65,
7-September-2007,,,,1805.90,
10-September-2007,,,,1808.05,
11-September-2007,,,,1803.48,
12-September-2007,,,,1800.78,
13-September-2007,,,,1813.69,
14-September-2007,,,,1809.41,
17-September-2007,,,,1800.67,
18-September-2007,,,,1820.27,
19-September-2007,,,,1891.62,
20-September-2007,,,,1897.85,
21-September-2007,,,,1923.05,
24-September-2007,,,,1958.10,
25-September-2007,,,,1961.19,
26-September-2007,,,,1963.04,
27-September-2007,,,,1986.02,
28-September-2007,,,,2002.80,
1-October-2007,,,,2015.87,
2-October-2007,,,,2015.87,
3-October-2007,,,,2073.65,
4-October-2007,,,,2066.77,
5-October-2007,,,,2060.13,
8-October-2007,,,,2021.38,
9-October-2007,,,,2112.34,
10-October-2007,,,,2157.03,
11-October-2007,,,,2182.93,
12-October-2007,,,,2139.30,
15-October-2007,,,,2218.09,
16-October-2007,,,,2224.99,
17-October-2007,,,,2181.20,
18-October-2007,,,,2096.89,
19-October-2007,,,,2036.19,
22-October-2007,,,,2041.77,
23-October-2007,,,,2150.26,
24-October-2007,,,,2158.93,
25-October-2007,,,,2188.92,
26-October-2007,,,,2244.50,
29-October-2007,,,,2326.20,
30-October-2007,,,,2315.65,
31-October-2007,,,,2325.41,
1-November-2007,,,,2309.85,
2-November-2007,,,,2337.66,
5-November-2007,,,,2297.68,
6-November-2007,,,,2271.47,
7-November-2007,,,,2263.80,
8-November-2007,,,,2239.66,
9-November-2007,,,,2222.86,
12-November-2007,,,,2205.57,
13-November-2007,,,,2238.81,
14-November-2007,,,,2339.06,
15-November-2007,,,,2332.10,
16-November-2007,,,,2327.40,
19-November-2007,,,,2327.29,
20-November-2007,,,,2283.54,
21-November-2007,,,,2194.98,
22-November-2007,,,,2189.04,
23-November-2007,,,,2223.84,
26-November-2007,,,,2269.43,
27-November-2007,,,,2258.79,
28-November-2007,,,,2233.10,
29-November-2007,,,,2240.79,
30-November-2007,,,,2289.69,
3-December-2007,,,,2324.79,
4-December-2007,,,,2323.48,
5-December-2007,,,,2350.51,
6-December-2007,,,,2358.33,
7-December-2007,,,,2371.69,
10-December-2007,,,,2371.73,
11-December-2007,,,,2416.68,
12-December-2007,,,,2432.03,
13-December-2007,,,,2398.63,
14-December-2007,,,,2388.15,
17-December-2007,,,,2292.05,
18-December-2007,,,,2276.24,
19-December-2007,,,,2276.70,
20-December-2007,,,,2281.59,
21-December-2007,,,,2281.59,
24-December-2007,,,,2362.12,
26-December-2007,,,,2405.33,
27-December-2007,,,,2406.80,
28-December-2007,,,,2412.12,
31-December-2007,,,,2428.14,
2-January-2008,,,,2453.90,
3-January-2008,,,,2443.86,
4-January-2008,,,,2481.92,
7-January-2008,,,,2493.55,
8-January-2008,,,,2489.49,
9-January-2008,,,,2486.55,
10-January-2008,,,,2441.43,
11-January-2008,,,,2461.90,
14-January-2008,,,,2459.55,
15-January-2008,,,,2405.14,
16-January-2008,,,,2358.04,
17-January-2008,,,,2344.39,
18-January-2008,,,,2258.05,
21-January-2008,,,,2072.39,
22-January-2008,,,,1959.87,
23-January-2008,,,,2070.00,
24-January-2008,,,,2016.77,
25-January-2008,,,,2153.91,
28-January-2008,,,,2127.51,
29-January-2008,,,,2122.55,
30-January-2008,,,,2082.30,
31-January-2008,,,,2067.71,
1-February-2008,,,,2133.19,
4-February-2008,,,,2186.36,
5-February-2008,,,,2190.01,
6-February-2008,,,,2129.42,
7-February-2008,,,,2057.52,
8-February-2008,,,,2045.64,
11-February-2008,,,,1943.59,
12-February-2008,,,,1940.45,
13-February-2008,,,,1982.59,
14-February-2008,,,,2085.17,
15-February-2008,,,,2127.54,
18-February-2008,,,,2121.61,
19-February-2008,,,,2124.17,
20-February-2008,,,,2071.17,
21-February-2008,,,,2081.90,
22-February-2008,,,,2039.62,
25-February-2008,,,,2073.76,
26-February-2008,,,,2097.83,
27-February-2008,,,,2099.27,
28-February-2008,,,,2102.03,
29-February-2008,,,,2074.28,
3-March-2008,,,,1966.89,
4-March-2008,,,,1927.74,
5-March-2008,,,,1945.84,
7-March-2008,,,,1877.53,
10-March-2008,,,,1872.36,
11-March-2008,,,,1900.57,
12-March-2008,,,,1901.81,
13-March-2008,,,,1807.63,
14-March-2008,,,,1852.32,
17-March-2008,,,,1740.56,
18-March-2008,,,,1740.72,
19-March-2008,,,,1757.63,
24-March-2008,,,,1783.69,
25-March-2008,,,,1889.77,
26-March-2008,,,,1878.02,
27-March-2008,,,,1872.62,
28-March-2008,,,,1918.96,
31-March-2008,,,,1834.70,
1-April-2008,,,,1834.94,
2-April-2008,,,,1846.58,
3-April-2008,,,,1853.93,
4-April-2008,,,,1801.90,
7-April-2008,,,,1848.85,
8-April-2008,,,,1830.17,
9-April-2008,,,,1853.60,
10-April-2008,,,,1845.01,
11-April-2008,,,,1860.57,
15-April-2008,,,,1899.22,
16-April-2008,,,,1908.74,
17-April-2008,,,,1938.61,
21-April-2008,,,,1967.36,
22-April-2008,,,,1974.43,
23-April-2008,,,,1964.85,
24-April-2008,,,,1963.24,
25-April-2008,,,,2008.21,
28-April-2008,,,,1997.04,
29-April-2008,,,,2040.00,
30-April-2008,,,,2030.89,
2-May-2008,,,,2062.02,
5-May-2008,,,,2051.59,
6-May-2008,,,,2036.26,
7-May-2008,,,,2032.26,
8-May-2008,,,,2003.15,
9-May-2008,,,,1960.60,
12-May-2008,,,,1973.42,
13-May-2008,,,,1958.28,
14-May-2008,,,,1983.81,
15-May-2008,,,,2026.04,
16-May-2008,,,,2041.60,
20-May-2008,,,,2024.05,
21-May-2008,,,,2026.61,
22-May-2008,,,,1986.56,
23-May-2008,,,,1957.12,
26-May-2008,,,,1921.62,
27-May-2008,,,,1912.28,
28-May-2008,,,,1941.62,
29-May-2008,,,,1914.75,
30-May-2008,,,,1925.10,
2-June-2008,,,,1880.87,
3-June-2008,,,,1869.44,
4-June-2008,,,,1812.12,
5-June-2008,,,,1842.91,
6-June-2008,,,,1822.85,
9-June-2008,,,,1770.64,
10-June-2008,,,,1752.77,
11-June-2008,,,,1781.31,
12-June-2008,,,,1787.69,
13-June-2008,,,,1778.04,
16-June-2008,,,,1803.39,
17-June-2008,,,,1837.12,
18-June-2008,,,,1807.25,
19-June-2008,,,,1770.33,
20-June-2008,,,,1710.18,
23-June-2008,,,,1673.04,
24-June-2008,,,,1646.86,
25-June-2008,,,,1662.61,
26-June-2008,,,,1685.36,
27-June-2008,,,,1614.20,
30-June-2008,,,,1573.86,
1-July-2008,,,,1516.06,
2-July-2008,,,,1595.74,
3-July-2008,,,,1525.79,
4-July-2008,,,,1567.49,
7-July-2008,,,,1576.61,
8-July-2008,,,,1558.52,
9-July-2008,,,,1626.54,
10-July-2008,,,,1624.46,
11-July-2008,,,,1573.68,
14-July-2008,,,,1560.79,
15-July-2008,,,,1487.52,
16-July-2008,,,,1472.87,
17-July-2008,,,,1527.54,
18-July-2008,,,,1582.98,
21-July-2008,,,,1603.65,
22-July-2008,,,,1637.58,
23-July-2008,,,,1732.90,
24-July-2008,,,,1714.39,
25-July-2008,,,,1660.55,
28-July-2008,,,,1668.71,
29-July-2008,,,,1606.30,
30-July-2008,,,,1662.17,
31-July-2008,,,,1669.19,
1-August-2008,,,,1705.67,
4-August-2008,,,,1700.60,
5-August-2008,,,,1743.85,
6-August-2008,,,,1751.46,
7-August-2008,,,,1756.29,
8-August-2008,,,,1760.84,
11-August-2008,,,,1797.77,
12-August-2008,,,,1768.45,
13-August-2008,,,,1757.58,
14-August-2008,,,,1715.63,
18-August-2008,,,,1702.38,
19-August-2008,,,,1692.20,
20-August-2008,,,,1709.23,
21-August-2008,,,,1660.04,
22-August-2008,,,,1676.66,
25-August-2008,,,,1682.33,
26-August-2008,,,,1687.19,
27-August-2008,,,,1667.88,
28-August-2008,,,,1640.87,
29-August-2008,,,,1697.71,
1-September-2008,,,,1690.83,
2-September-2008,,,,1752.14,
4-September-2008,,,,1735.62,
5-September-2008,,,,1692.39,
8-September-2008,,,,1741.38,
9-September-2008,,,,1735.61,
10-September-2008,,,,1710.49,
11-September-2008,,,,1672.03,
12-September-2008,,,,1637.34,
15-September-2008,,,,1581.32,
16-September-2008,,,,1580.21,
17-September-2008,,,,1548.60,
18-September-2008,,,,1557.53,
19-September-2008,,,,1638.30,
22-September-2008,,,,1631.42,
23-September-2008,,,,1588.35,
24-September-2008,,,,1602.63,
25-September-2008,,,,1584.85,
26-September-2008,,,,1534.01,
29-September-2008,,,,1475.88,
30-September-2008,,,,1506.17,
1-October-2008,,,,1526.05,
3-October-2008,,,,1467.06,
6-October-2008,,,,1382.05,
7-October-2008,,,,1370.78,
8-October-2008,,,,1327.52,
10-October-2008,,,,1230.74,
13-October-2008,,,,1319.58,
14-October-2008,,,,1336.48,
15-October-2008,,,,1265.02,
16-October-2008,,,,1240.76,
17-October-2008,,,,1172.62,
20-October-2008,,,,1197.65,
21-October-2008,,,,1246.73,
22-October-2008,,,,1185.08,
23-October-2008,,,,1136.85,
24-October-2008,,,,1010.13,
27-October-2008,,,,986.77,
29-October-2008,,,,1049.43,
31-October-2008,,,,1126.86,
3-November-2008,,,,1187.90,
4-November-2008,,,,1225.61,
5-November-2008,,,,1168.50,
6-November-2008,,,,1127.64,
7-November-2008,,,,1155.93,
10-November-2008,,,,1219.82,
11-November-2008,,,,1141.91,
12-November-2008,,,,1107.64,
14-November-2008,,,,1089.58,
17-November-2008,,,,1075.76,
18-November-2008,,,,1034.77,
19-November-2008,,,,1015.12,
20-November-2008,,,,979.91,
21-November-2008,,,,1028.75,
24-November-2008,,,,1029.07,
25-November-2008,,,,1006.97,
26-November-2008,,,,1042.05,
27-November-2008,,,,1042.05,
28-November-2008,,,,1047.31,
1-December-2008,,,,1020.51,
2-December-2008,,,,1010.37,
3-December-2008,,,,1012.07,
4-December-2008,,,,1064.23,
5-December-2008,,,,1036.76,
8-December-2008,,,,1059.99,
10-December-2008,,,,1114.42,
11-December-2008,,,,1113.38,
12-December-2008,,,,1117.49,
15-December-2008,,,,1137.22,
16-December-2008,,,,1155.78,
17-December-2008,,,,1122.90,
18-December-2008,,,,1166.06,
19-December-2008,,,,1171.08,
22-December-2008,,,,1153.01,
23-December-2008,,,,1123.26,
24-December-2008,,,,1110.19,
26-December-2008,,,,1085.86,
29-December-2008,,,,1111.99,
30-December-2008,,,,1133.08,
31-December-2008,,,,1126.51,
1-January-2009,,,,1155.01,
2-January-2009,,,,1162.15,
5-January-2009,,,,1195.92,
6-January-2009,,,,1202.80,
7-January-2009,,,,1117.96,
9-January-2009,,,,1096.71,
12-January-2009,,,,1063.38,
13-January-2009,,,,1056.08,
14-January-2009,,,,1089.42,
15-January-2009,,,,1051.24,
16-January-2009,,,,1081.98,
19-January-2009,,,,1084.61,
20-January-2009,,,,1060.61,
21-January-2009,,,,1026.43,
22-January-2009,,,,1028.38,
23-January-2009,,,,1012.18,
27-January-2009,,,,1048.55,
28-January-2009,,,,1080.49,
29-January-2009,,,,1074.78,
30-January-2009,,,,1096.87,
2-February-2009,,,,1056.92,
3-February-2009,,,,1064.04,
4-February-2009,,,,1069.50,
5-February-2009,,,,1058.30,
6-February-2009,,,,1081.48,
9-February-2009,,,,1112.00,
10-February-2009,,,,1118.53,
11-February-2009,,,,1117.60,
12-February-2009,,,,1102.24,
13-February-2009,,,,1121.52,
16-February-2009,,,,1083.32,
17-February-2009,,,,1053.50,
18-February-2009,,,,1051.97,
19-February-2009,,,,1054.41,
20-February-2009,,,,1032.43,
24-February-2009,,,,1028.71,
25-February-2009,,,,1037.45,
26-February-2009,,,,1041.02,
27-February-2009,,,,1034.94,
2-March-2009,,,,1002.43,
3-March-2009,,,,983.88,
4-March-2009,,,,988.23,
5-March-2009,,,,960.94,
6-March-2009,,,,974.25,
9-March-2009,,,,956.43,
12-March-2009,,,,976.61,
13-March-2009,,,,1021.04,
16-March-2009,,,,1042.66,
17-March-2009,,,,1033.89,
18-March-2009,,,,1047.23,
19-March-2009,,,,1050.52,
20-March-2009,,,,1046.92,
23-March-2009,,,,1098.21,
24-March-2009,,,,1101.48,
25-March-2009,,,,1125.63,
26-March-2009,,,,1161.16,
27-March-2009,,,,1170.81,
30-March-2009,,,,1115.68,
31-March-2009,,,,1134.18,
1-April-2009,,,,1154.03,
2-April-2009,,,,1205.90,
6-April-2009,,,,1227.59,
8-April-2009,,,,1254.88,
9-April-2009,,,,1261.21,
13-April-2009,,,,1279.86,
15-April-2009,,,,1319.20,
16-April-2009,,,,1276.22,
17-April-2009,,,,1287.11,
20-April-2009,,,,1288.25,
21-April-2009,,,,1279.01,
22-April-2009,,,,1267.42,
23-April-2009,,,,1303.92,
24-April-2009,,,,1326.04,
27-April-2009,,,,1327.90,
28-April-2009,,,,1285.14,
29-April-2009,,,,1329.86,
30-April-2009,,,,1329.86,
4-May-2009,,,,1409.84,
5-May-2009,,,,1413.66,
6-May-2009,,,,1392.68,
7-May-2009,,,,1413.35,
8-May-2009,,,,1387.78,
11-May-2009,,,,1364.52,
12-May-2009,,,,1417.78,
13-May-2009,,,,1403.32,
14-May-2009,,,,1390.22,
15-May-2009,,,,1422.42,
18-May-2009,,,,1663.94,
19-May-2009,,,,1673.18,
20-May-2009,,,,1653.55,
21-May-2009,,,,1619.71,
22-May-2009,,,,1638.07,
25-May-2009,,,,1641.40,
26-May-2009,,,,1599.74,
27-May-2009,,,,1661.40,
28-May-2009,,,,1679.61,
29-May-2009,,,,1717.04,
1-June-2009,,,,1745.60,
2-June-2009,,,,1747.57,
3-June-2009,,,,1750.09,
4-June-2009,,,,1768.64,
5-June-2009,,,,1777.52,
8-June-2009,,,,1720.79,
9-June-2009,,,,1773.75,
10-June-2009,,,,1814.85,
11-June-2009,,,,1807.94,
12-June-2009,,,,1789.16,
15-June-2009,,,,1750.66,
16-June-2009,,,,1767.09,
17-June-2009,,,,1711.85,
18-June-2009,,,,1679.11,
19-June-2009,,,,1709.28,
22-June-2009,,,,1684.09,
23-June-2009,,,,1682.34,
24-June-2009,,,,1696.38,
25-June-2009,,,,1685.48,
26-June-2009,,,,1735.40,
29-June-2009,,,,1745.31,
30-June-2009,,,,1705.64,
1-July-2009,,,,1724.20,
2-July-2009,,,,1727.33,
3-July-2009,,,,1756.70,
6-July-2009,,,,1655.85,
7-July-2009,,,,1668.95,
8-July-2009,,,,1620.77,
9-July-2009,,,,1623.72,
10-July-2009,,,,1594.05,
13-July-2009,,,,1578.84,
14-July-2009,,,,1634.99,
15-July-2009,,,,1683.74,
16-July-2009,,,,1684.83,
17-July-2009,,,,1739.68,
20-July-2009,,,,1789.92,
21-July-2009,,,,1775.67,
22-July-2009,,,,1748.50,
23-July-2009,,,,1796.10,
24-July-2009,,,,1813.22,
27-July-2009,,,,1816.05,
28-July-2009,,,,1811.96,
29-July-2009,,,,1790.88,
30-July-2009,,,,1813.43,
31-July-2009,,,,1842.53,
3-August-2009,,,,1870.92,
4-August-2009,,,,1860.81,
5-August-2009,,,,1867.78,
6-August-2009,,,,1824.69,
7-August-2009,,,,1783.22,
10-August-2009,,,,1766.23,
11-August-2009,,,,1778.69,
12-August-2009,,,,1774.85,
13-August-2009,,,,1832.93,
14-August-2009,,,,1821.19,
17-August-2009,,,,1746.80,
18-August-2009,,,,1774.67,
19-August-2009,,,,1746.87,
20-August-2009,,,,1771.04,
21-August-2009,,,,1799.46,
24-August-2009,,,,1843.08,
25-August-2009,,,,1850.14,
26-August-2009,,,,1858.85,
27-August-2009,,,,1862.21,
28-August-2009,,,,1878.07,
31-August-2009,,,,1852.89,
1-September-2009,,,,1837.49,
2-September-2009,,,,1831.94,
3-September-2009,,,,1825.37,
4-September-2009,,,,1858.20,
7-September-2009,,,,1898.87,
8-September-2009,,,,1908.04,
9-September-2009,,,,1912.58,
10-September-2009,,,,1914.30,
11-September-2009,,,,1917.25,
14-September-2009,,,,1913.43,
15-September-2009,,,,1942.93,
16-September-2009,,,,1967.55,
17-September-2009,,,,1968.10,
18-September-2009,,,,1973.11,
22-September-2009,,,,1988.76,
23-September-2009,,,,1968.79,
24-September-2009,,,,1974.79,
25-September-2009,,,,1965.56,
29-September-2009,,,,1981.25,
30-September-2009,,,,2010.67,
1-October-2009,,,,2012.68,
5-October-2009,,,,1981.63,
6-October-2009,,,,1991.14,
7-October-2009,,,,1976.41,
8-October-2009,,,,1984.79,
9-October-2009,,,,1963.67,
12-October-2009,,,,2005.24,
14-October-2009,,,,2030.31,
15-October-2009,,,,2030.39,
16-October-2009,,,,2043.06,
20-October-2009,,,,2032.70,
21-October-2009,,,,2010.87,
22-October-2009,,,,1984.66,
23-October-2009,,,,1987.80,
26-October-2009,,,,1976.32,
27-October-2009,,,,1928.97,
28-October-2009,,,,1920.52,
29-October-2009,,,,1889.74,
30-October-2009,,,,1873.43,
3-November-2009,,,,1815.03,
4-November-2009,,,,1872.02,
5-November-2009,,,,1894.82,
6-November-2009,,,,1907.45,
9-November-2009,,,,1948.48,
10-November-2009,,,,1941.57,
11-November-2009,,,,1988.79,
12-November-2009,,,,1968.97,
13-November-2009,,,,1985.14,
16-November-2009,,,,2007.48,
17-November-2009,,,,2009.66,
18-November-2009,,,,2007.58,
19-November-2009,,,,1981.67,
20-November-2009,,,,2006.31,
23-November-2009,,,,2024.84,
24-November-2009,,,,2017.39,
25-November-2009,,,,2024.90,
26-November-2009,,,,1986.36,
27-November-2009,,,,1962.02,
30-November-2009,,,,1996.07,
1-December-2009,,,,2030.90,
2-December-2009,,,,2029.60,
3-December-2009,,,,2035.02,
4-December-2009,,,,2027.47,
7-December-2009,,,,2012.00,
8-December-2009,,,,2042.17,
9-December-2009,,,,2029.41,
10-December-2009,,,,2037.52,
11-December-2009,,,,2028.67,
14-December-2009,,,,2024.94,
15-December-2009,,,,1997.21,
16-December-2009,,,,1999.72,
17-December-2009,,,,1998.83,
18-December-2009,,,,1979.21,
21-December-2009,,,,1964.50,
22-December-2009,,,,1978.75,
23-December-2009,,,,2038.07,
24-December-2009,,,,2050.72,
29-December-2009,,,,2055.12,
30-December-2009,,,,2048.37,
31-December-2009,,,,2060.27,
4-January-2010,,,,2073.90,
5-January-2010,,,,2092.96,
6-January-2010,,,,2094.94,
7-January-2010,,,,2086.99,
8-January-2010,,,,2081.21,
11-January-2010,,,,2084.49,
12-January-2010,,,,2069.12,
13-January-2010,,,,2078.64,
14-January-2010,,,,2087.72,
15-January-2010,,,,2084.21,
18-January-2010,,,,2093.45,
19-January-2010,,,,2074.45,
20-January-2010,,,,2072.76,
21-January-2010,,,,2023.50,
22-January-2010,,,,2000.13,
25-January-2010,,,,1989.05,
27-January-2010,,,,1928.34,
28-January-2010,,,,1934.63,
29-January-2010,,,,1940.02,
1-February-2010,,,,1946.38,
2-February-2010,,,,1919.98,
3-February-2010,,,,1958.67,
4-February-2010,,,,1926.01,
5-February-2010,,,,1876.00,
8-February-2010,,,,1894.01,
9-February-2010,,,,1906.54,
10-February-2010,,,,1892.35,
11-February-2010,,,,1917.75,
15-February-2010,,,,1906.09,
16-February-2010,,,,1927.35,
17-February-2010,,,,1949.73,
18-February-2010,,,,1939.34,
19-February-2010,,,,1922.82,
22-February-2010,,,,1926.00,
23-February-2010,,,,1930.26,
24-February-2010,,,,1926.92,
25-February-2010,,,,1927.33,
26-February-2010,,,,1950.83,
2-March-2010,,,,1986.13,
3-March-2010,,,,2013.02,
4-March-2010,,,,2011.38,
5-March-2010,,,,2017.02,
8-March-2010,,,,2030.73,
9-March-2010,,,,2021.64,
10-March-2010,,,,2026.72,
11-March-2010,,,,2033.83,
12-March-2010,,,,2033.90,
15-March-2010,,,,2030.44,
16-March-2010,,,,2055.05,
17-March-2010,,,,2066.71,
18-March-2010,,,,2071.11,
19-March-2010,,,,2076.91,
22-March-2010,,,,2056.57,
23-March-2010,,,,2062.04,
25-March-2010,,,,2074.73,
26-March-2010,,,,2084.41,
29-March-2010,,,,2092.74,
30-March-2010,,,,2079.23,
31-March-2010,,,,2073.78,
1-April-2010,,,,2090.52,
5-April-2010,,,,2117.39,
6-April-2010,,,,2118.82,
7-April-2010,,,,2123.12,
8-April-2010,,,,2094.23,
9-April-2010,,,,2117.76,
12-April-2010,,,,2108.37,
13-April-2010,,,,2103.83,
15-April-2010,,,,2084.92,
16-April-2010,,,,2078.95,
19-April-2010,,,,2056.73,
20-April-2010,,,,2067.53,
21-April-2010,,,,2074.72,
22-April-2010,,,,2083.89,
23-April-2010,,,,2094.77,
26-April-2010,,,,2102.81,
27-April-2010,,,,2098.73,
28-April-2010,,,,2064.24,
29-April-2010,,,,2077.58,
30-April-2010,,,,2086.58,
3-May-2010,,,,2067.45,
4-May-2010,,,,2037.55,
5-May-2010,,,,2028.97,
6-May-2010,,,,2017.11,
7-May-2010,,,,1986.79,
10-May-2010,,,,2054.12,
11-May-2010,,,,2030.38,
12-May-2010,,,,2037.14,
13-May-2010,,,,2046.83,
14-May-2010,,,,2015.79,
17-May-2010,,,,2002.76,
18-May-2010,,,,2006.01,
19-May-2010,,,,1950.13,
20-May-2010,,,,1961.19,
21-May-2010,,,,1954.33,
24-May-2010,,,,1957.35,
25-May-2010,,,,1904.83,
26-May-2010,,,,1945.23,
27-May-2010,,,,1978.67,
28-May-2010,,,,2000.79,
31-May-2010,,,,2011.39,
1-June-2010,,,,1968.19,
2-June-2010,,,,1988.04,
3-June-2010,,,,2021.65,
4-June-2010,,,,2031.27,
7-June-2010,,,,1993.04,
8-June-2010,,,,1974.36,
9-June-2010,,,,1981.32,
10-June-2010,,,,2010.61,
11-June-2010,,,,2023.93,
14-June-2010,,,,2055.41,
15-June-2010,,,,2063.04,
16-June-2010,,,,2067.70,
17-June-2010,,,,2083.87,
18-June-2010,,,,2077.71,
21-June-2010,,,,2113.83,
22-June-2010,,,,2100.19,
23-June-2010,,,,2103.56,
24-June-2010,,,,2099.68,
25-June-2010,,,,2084.75,
28-June-2010,,,,2107.86,
29-June-2010,,,,2080.68,
30-June-2010,,,,2100.48,
1-July-2010,,,,2079.47,
2-July-2010,,,,2074.37,
5-July-2010,,,,2074.22,
6-July-2010,,,,2093.19,
7-July-2010,,,,2076.07,
8-July-2010,,,,2097.62,
9-July-2010,,,,2118.26,
12-July-2010,,,,2129.97,
13-July-2010,,,,2137.69,
14-July-2010,,,,2131.81,
15-July-2010,,,,2128.07,
16-July-2010,,,,2135.12,
19-July-2010,,,,2131.97,
20-July-2010,,,,2125.66,
21-July-2010,,,,2136.64,
22-July-2010,,,,2153.10,
23-July-2010,,,,2154.26,
26-July-2010,,,,2142.19,
27-July-2010,,,,2148.21,
28-July-2010,,,,2134.78,
29-July-2010,,,,2138.46,
30-July-2010,,,,2124.36,
2-August-2010,,,,2148.88,
3-August-2010,,,,2152.45,
4-August-2010,,,,2162.16,
5-August-2010,,,,2155.97,
6-August-2010,,,,2152.53,
9-August-2010,,,,2169.76,
10-August-2010,,,,2162.15,
11-August-2010,,,,2145.91,
12-August-2010,,,,2148.18,
13-August-2010,,,,2160.54,
16-August-2010,,,,2146.64,
17-August-2010,,,,2147.49,
18-August-2010,,,,2170.88,
19-August-2010,,,,2193.46,
20-August-2010,,,,2189.99,
23-August-2010,,,,2194.63,
24-August-2010,,,,2181.70,
25-August-2010,,,,2165.84,
26-August-2010,,,,2170.40,
27-August-2010,,,,2145.45,
30-August-2010,,,,2149.57,
31-August-2010,,,,2141.84,
1-September-2010,,,,2169.68,
2-September-2010,,,,2174.76,
3-September-2010,,,,2174.48,
6-September-2010,,,,2211.58,
7-September-2010,,,,2221.60,
8-September-2010,,,,2223.27,
9-September-2010,,,,2235.79,
13-September-2010,,,,2280.42,
14-September-2010,,,,2296.33,
15-September-2010,,,,2317.91,
16-September-2010,,,,2308.07,
17-September-2010,,,,2329.92,
20-September-2010,,,,2364.44,
21-September-2010,,,,2371.25,
22-September-2010,,,,2363.52,
23-September-2010,,,,2352.09,
24-September-2010,,,,2373.77,
27-September-2010,,,,2383.38,
28-September-2010,,,,2382.58,
29-September-2010,,,,2368.02,
30-September-2010,,,,2376.55,
1-October-2010,,,,2423.21,
4-October-2010,,,,2429.64,
5-October-2010,,,,2426.05,
6-October-2010,,,,2443.04,
7-October-2010,,,,2418.00,
8-October-2010,,,,2411.11,
11-October-2010,,,,2423.35,
12-October-2010,,,,2405.58,
13-October-2010,,,,2459.10,
14-October-2010,,,,2436.27,
15-October-2010,,,,2392.63,
18-October-2010,,,,2397.23,
19-October-2010,,,,2377.46,
20-October-2010,,,,2361.81,
21-October-2010,,,,2406.52,
22-October-2010,,,,2395.34,
25-October-2010,,,,2410.13,
26-October-2010,,,,2399.67,
27-October-2010,,,,2374.38,
28-October-2010,,,,2365.49,
29-October-2010,,,,2372.62,
1-November-2010,,,,2411.02,
2-November-2010,,,,2412.61,
3-November-2010,,,,2428.45,
4-November-2010,,,,2473.86,
5-November-2010,,,,2486.60,
8-November-2010,,,,2472.65,
9-November-2010,,,,2482.19,
10-November-2010,,,,2473.29,
11-November-2010,,,,2441.71,
12-November-2010,,,,2391.52,
15-November-2010,,,,2408.47,
16-November-2010,,,,2357.63,
18-November-2010,,,,2360.33,
19-November-2010,,,,2318.45,
22-November-2010,,,,2362.16,
23-November-2010,,,,2332.98,
24-November-2010,,,,2305.24,
25-November-2010,,,,2279.08,
26-November-2010,,,,2252.70,
29-November-2010,,,,2282.59,
30-November-2010,,,,2302.59,
1-December-2010,,,,2341.29,
2-December-2010,,,,2357.65,
3-December-2010,,,,2351.19,
6-December-2010,,,,2349.38,
7-December-2010,,,,2342.83,
8-December-2010,,,,2314.01,
9-December-2010,,,,2259.37,
10-December-2010,,,,2294.85,
13-December-2010,,,,2316.42,
14-December-2010,,,,2329.11,
15-December-2010,,,,2307.67,
16-December-2010,,,,2329.12,
20-December-2010,,,,2329.17,
21-December-2010,,,,2349.04,
22-December-2010,,,,2345.12,
23-December-2010,,,,2341.66,
24-December-2010,,,,2352.53,
27-December-2010,,,,2346.53,
28-December-2010,,,,2345.62,
29-December-2010,,,,2369.79,
30-December-2010,,,,2383.70,
31-December-2010,,,,2399.82,
3-January-2011,,,,2408.65,
4-January-2011,,,,2402.16,
5-January-2011,,,,2380.17,
6-January-2011,,,,2364.22,
7-January-2011,,,,2310.28,
10-January-2011,,,,2255.97,
11-January-2011,,,,2254.51,
12-January-2011,,,,2292.85,
13-January-2011,,,,2253.97,
14-January-2011,,,,2214.47,
17-January-2011,,,,2214.20,
18-January-2011,,,,2238.51,
19-January-2011,,,,2229.26,
20-January-2011,,,,2236.21,
21-January-2011,,,,2231.75,
24-January-2011,,,,2249.31,
25-January-2011,,,,2229.82,
27-January-2011,,,,2197.16,
28-January-2011,,,,2159.56,
31-January-2011,,,,2154.11,
1-February-2011,,,,2117.63,
2-February-2011,,,,2124.57,
3-February-2011,,,,2164.08,
4-February-2011,,,,2113.57,
7-February-2011,,,,2115.07,
8-February-2011,,,,2082.68,
9-February-2011,,,,2056.26,
10-February-2011,,,,2045.80,
11-February-2011,,,,2077.67,
14-February-2011,,,,2134.75,
15-February-2011,,,,2143.74,
16-February-2011,,,,2147.03,
17-February-2011,,,,2170.09,
18-February-2011,,,,2135.01,
21-February-2011,,,,2158.90,
22-February-2011,,,,2140.22,
23-February-2011,,,,2127.90,
24-February-2011,,,,2066.64,
25-February-2011,,,,2078.23,
28-February-2011,,,,2089.88,
1-March-2011,,,,2160.55,
3-March-2011,,,,2163.62,
4-March-2011,,,,2165.73,
7-March-2011,,,,2135.87,
8-March-2011,,,,2159.89,
9-March-2011,,,,2163.98,
10-March-2011,,,,2150.23,
11-March-2011,,,,2132.04,
14-March-2011,,,,2163.85,
15-March-2011,,,,2132.79,
16-March-2011,,,,2156.73,
17-March-2011,,,,2134.94,
18-March-2011,,,,2105.87,
21-March-2011,,,,2102.25,
22-March-2011,,,,2119.27,
23-March-2011,,,,2144.71,
24-March-2011,,,,2161.42,
25-March-2011,,,,2211.22,
28-March-2011,,,,2224.12,
29-March-2011,,,,2243.89,
30-March-2011,,,,2264.97,
31-March-2011,,,,2280.70,
1-April-2011,,,,2280.51,
4-April-2011,,,,2312.47,
5-April-2011,,,,2313.73,
6-April-2011,,,,2307.66,
7-April-2011,,,,2306.70,
8-April-2011,,,,2288.95,
11-April-2011,,,,2266.44,
13-April-2011,,,,2313.80,
15-April-2011,,,,2279.79,
18-April-2011,,,,2246.01,
19-April-2011,,,,2250.91,
20-April-2011,,,,2290.65,
21-April-2011,,,,2302.37,
25-April-2011,,,,2299.91,
26-April-2011,,,,2296.52,
27-April-2011,,,,2285.39,
28-April-2011,,,,2266.07,
29-April-2011,,,,2249.27,
2-May-2011,,,,2232.50,
3-May-2011,,,,2179.75,
4-May-2011,,,,2170.63,
5-May-2011,,,,2140.21,
6-May-2011,,,,2173.75,
9-May-2011,,,,2174.58,
10-May-2011,,,,2173.28,
11-May-2011,,,,2181.13,
12-May-2011,,,,2152.83,
13-May-2011,,,,2175.72,
16-May-2011,,,,2155.40,
17-May-2011,,,,2132.37,
18-May-2011,,,,2124.43,
19-May-2011,,,,2127.19,
20-May-2011,,,,2147.44,
23-May-2011,,,,2108.77,
24-May-2011,,,,2112.10,
25-May-2011,,,,2094.05,
26-May-2011,,,,2115.50,
27-May-2011,,,,2142.45,
30-May-2011,,,,2142.88,
31-May-2011,,,,2176.16,
1-June-2011,,,,2188.49,
2-June-2011,,,,2174.75,
3-June-2011,,,,2160.46,
6-June-2011,,,,2164.12,
7-June-2011,,,,2173.62,
8-June-2011,,,,2162.92,
9-June-2011,,,,2161.94,
10-June-2011,,,,2148.09,
13-June-2011,,,,2149.94,
14-June-2011,,,,2156.69,
15-June-2011,,,,2134.40,
16-June-2011,,,,2116.42,
17-June-2011,,,,2103.32,
20-June-2011,,,,2061.90,
21-June-2011,,,,2067.82,
22-June-2011,,,,2067.62,
23-June-2011,,,,2083.27,
24-June-2011,,,,2142.13,
27-June-2011,,,,2164.10,
28-June-2011,,,,2170.58,
29-June-2011,,,,2190.95,
30-June-2011,,,,2207.31,
1-July-2011,,,,2203.21,
4-July-2011,,,,2213.28,
5-July-2011,,,,2205.83,
6-July-2011,,,,2202.86,
7-July-2011,,,,2242.09,
8-July-2011,,,,2216.41,
11-July-2011,,,,2199.81,
12-July-2011,,,,2167.58,
13-July-2011,,,,2190.03,
14-July-2011,,,,2195.32,
15-July-2011,,,,2188.88,
18-July-2011,,,,2184.74,
19-July-2011,,,,2202.26,
20-July-2011,,,,2184.19,
21-July-2011,,,,2174.40,
22-July-2011,,,,2210.08,
25-July-2011,,,,2228.92,
26-July-2011,,,,2189.84,
27-July-2011,,,,2178.37,
28-July-2011,,,,2153.92,
29-July-2011,,,,2145.04,
1-August-2011,,,,2158.37,
2-August-2011,,,,2137.13,
3-August-2011,,,,2119.38,
4-August-2011,,,,2092.25,
5-August-2011,,,,2045.64,
8-August-2011,,,,2009.40,
9-August-2011,,,,1994.75,
10-August-2011,,,,2025.10,
11-August-2011,,,,2015.22,
12-August-2011,,,,1992.23,
16-August-2011,,,,1974.88,
17-August-2011,,,,1982.93,
18-August-2011,,,,1939.38,
19-August-2011,,,,1902.45,
22-August-2011,,,,1923.95,
23-August-2011,,,,1941.30,
24-August-2011,,,,1919.15,
25-August-2011,,,,1903.70,
26-August-2011,,,,1865.08,
29-August-2011,,,,1931.33,
30-August-2011,,,,1961.45,
2-September-2011,,,,1975.68,
5-September-2011,,,,1967.17,
6-September-2011,,,,1983.28,
7-September-2011,,,,2009.85,
8-September-2011,,,,2021.12,
9-September-2011,,,,1983.55,
12-September-2011,,,,1940.79,
13-September-2011,,,,1940.40,
14-September-2011,,,,1967.18,
15-September-2011,,,,1990.48,
16-September-2011,,,,1995.74,
19-September-2011,,,,1976.16,
20-September-2011,,,,2016.57,
21-September-2011,,,,2015.74,
22-September-2011,,,,1936.53,
23-September-2011,,,,1916.07,
26-September-2011,,,,1900.44,
27-September-2011,,,,1951.11,
28-September-2011,,,,1940.74,
29-September-2011,,,,1965.80,
30-September-2011,,,,1937.44,
3-October-2011,,,,1903.48,
4-October-2011,,,,1871.59,
5-October-2011,,,,1863.65,
7-October-2011,,,,1912.08,
10-October-2011,,,,1946.42,
11-October-2011,,,,1945.81,
12-October-2011,,,,1992.46,
13-October-2011,,,,1983.97,
14-October-2011,,,,2004.84,
17-October-2011,,,,1996.91,
18-October-2011,,,,1966.26,
19-October-2011,,,,2004.15,
20-October-2011,,,,1988.19,
21-October-2011,,,,1970.85,
24-October-2011,,,,1989.35,
25-October-2011,,,,2022.66,
26-October-2011,,,,2027.61,
28-October-2011,,,,2085.08,
31-October-2011,,,,2074.44,
1-November-2011,,,,2051.08,
2-November-2011,,,,2049.99,
3-November-2011,,,,2054.33,
4-November-2011,,,,2063.30,
8-November-2011,,,,2064.24,
9-November-2011,,,,2038.16,
11-November-2011,,,,2018.51,
14-November-2011,,,,2008.84,
15-November-2011,,,,1977.24,
16-November-2011,,,,1962.45,
17-November-2011,,,,1924.12,
18-November-2011,,,,1912.86,
21-November-2011,,,,1864.60,
22-November-2011,,,,1876.87,
23-November-2011,,,,1834.91,
24-November-2011,,,,1853.91,
25-November-2011,,,,1839.58,
28-November-2011,,,,1893.28,
29-November-2011,,,,1873.13,
30-November-2011,,,,1882.31,
1-December-2011,,,,1920.66,
2-December-2011,,,,1965.63,
5-December-2011,,,,1962.79,
7-December-2011,,,,1969.55,
8-December-2011,,,,1926.08,
9-December-2011,,,,1896.71,
12-December-2011,,,,1856.38,
13-December-2011,,,,1870.77,
14-December-2011,,,,1855.48,
15-December-2011,,,,1850.66,
16-December-2011,,,,1813.49,
19-December-2011,,,,1797.22,
20-December-2011,,,,1770.99,
21-December-2011,,,,1825.15,
22-December-2011,,,,1841.13,
23-December-2011,,,,1833.39,
26-December-2011,,,,1857.49,
27-December-2011,,,,1846.59,
28-December-2011,,,,1828.96,
29-December-2011,,,,1808.75,
30-December-2011,,,,1799.75,
2-January-2012,,,,1802.53,
3-January-2012,,,,1851.61,
4-January-2012,,,,1845.82,
5-January-2012,,,,1844.95,
6-January-2012,,,,1846.43,
9-January-2012,,,,1842.81,
10-January-2012,,,,1883.70,
11-January-2012,,,,1889.33,
12-January-2012,,,,1879.98,
13-January-2012,,,,1894.26,
16-January-2012,,,,1897.60,
17-January-2012,,,,1933.03,
18-January-2012,,,,1928.27,
19-January-2012,,,,1954.96,
20-January-2012,,,,1966.31,
23-January-2012,,,,1966.54,
24-January-2012,,,,1997.28,
25-January-2012,,,,2009.21,
27-January-2012,,,,2028.33,
30-January-2012,,,,1983.04,
31-January-2012,,,,2024.50,
1-February-2012,,,,2039.69,
2-February-2012,,,,2053.78,
3-February-2012,,,,2074.43,
6-February-2012,,,,2091.33,
7-February-2012,,,,2078.84,
8-February-2012,,,,2091.28,
9-February-2012,,,,2107.86,
10-February-2012,,,,2097.33,
13-February-2012,,,,2101.51,
14-February-2012,,,,2110.52,
15-February-2012,,,,2155.22,
16-February-2012,,,,2154.23,
17-February-2012,,,,2172.05,
21-February-2012,,,,2186.58,
22-February-2012,,,,2145.12,
23-February-2012,,,,2135.58,
24-February-2012,,,,2114.93,
27-February-2012,,,,2057.13,
28-February-2012,,,,2096.81,
29-February-2012,,,,2100.69,
1-March-2012,,,,2084.62,
2-March-2012,,,,2090.13,
5-March-2012,,,,2061.83,
6-March-2012,,,,2039.76,
7-March-2012,,,,2035.81,
9-March-2012,,,,2079.06,
12-March-2012,,,,2090.37,
13-March-2012,,,,2116.42,
14-March-2012,,,,2129.49,
15-March-2012,,,,2098.48,
16-March-2012,,,,2071.91,
19-March-2012,,,,2046.65,
20-March-2012,,,,2053.02,
21-March-2012,,,,2087.78,
22-March-2012,,,,2036.31,
23-March-2012,,,,2056.13,
26-March-2012,,,,2018.38,
27-March-2012,,,,2040.20,
28-March-2012,,,,2022.33,
29-March-2012,,,,2017.69,
30-March-2012,,,,2060.78,
2-April-2012,,,,2071.82,
3-April-2012,,,,2088.68,
4-April-2012,,,,2076.51,
9-April-2012,,,,2043.03,
10-April-2012,,,,2045.76,
11-April-2012,,,,2039.18,
12-April-2012,,,,2055.25,
13-April-2012,,,,2031.33,
16-April-2012,,,,2038.03,
17-April-2012,,,,2062.48,
18-April-2012,,,,2067.21,
19-April-2012,,,,2077.23,
20-April-2012,,,,2060.14,
23-April-2012,,,,2025.94,
24-April-2012,,,,2033.90,
25-April-2012,,,,2025.83,
26-April-2012,,,,2020.46,
27-April-2012,,,,2019.89,
30-April-2012,,,,2041.53,
2-May-2012,,,,2037.84,
3-May-2012,,,,2018.62,
4-May-2012,,,,1979.05,
7-May-2012,,,,1990.38,
8-May-2012,,,,1947.44,
9-May-2012,,,,1935.89,
10-May-2012,,,,1932.23,
11-May-2012,,,,1918.24,
14-May-2012,,,,1907.74,
15-May-2012,,,,1922.07,
16-May-2012,,,,1891.15,
17-May-2012,,,,1894.85,
18-May-2012,,,,1904.16,
21-May-2012,,,,1909.65,
22-May-2012,,,,1891.84,
23-May-2012,,,,1881.81,
24-May-2012,,,,1912.62,
25-May-2012,,,,1913.69,
28-May-2012,,,,1937.58,
29-May-2012,,,,1939.28,
30-May-2012,,,,1923.36,
31-May-2012,,,,1917.12,
1-June-2012,,,,1884.75,
4-June-2012,,,,1887.56,
5-June-2012,,,,1891.47,
6-June-2012,,,,1941.55,
7-June-2012,,,,1961.63,
8-June-2012,,,,1968.74,
11-June-2012,,,,1962.50,
12-June-2012,,,,1986.55,
13-June-2012,,,,1988.87,
14-June-2012,,,,1963.11,
15-June-2012,,,,1994.80,
18-June-2012,,,,1965.01,
19-June-2012,,,,1981.72,
20-June-2012,,,,1989.03,
21-June-2012,,,,2005.87,
22-June-2012,,,,1998.65,
25-June-2012,,,,1986.11,
26-June-2012,,,,1989.85,
27-June-2012,,,,1997.99,
28-June-2012,,,,1999.40,
29-June-2012,,,,2050.43,
2-July-2012,,,,2052.05,
3-July-2012,,,,2057.16,
4-July-2012,,,,2062.65,
5-July-2012,,,,2071.40,
6-July-2012,,,,2067.10,
9-July-2012,,,,2049.49,
10-July-2012,,,,2077.04,
11-July-2012,,,,2063.46,
12-July-2012,,,,2036.49,
13-July-2012,,,,2032.74,
16-July-2012,,,,2021.05,
17-July-2012,,,,2017.74,
18-July-2012,,,,2026.15,
19-July-2012,,,,2035.79,
20-July-2012,,,,2022.66,
23-July-2012,,,,1988.54,
24-July-2012,,,,1993.70,
25-July-2012,,,,1985.24,
26-July-2012,,,,1960.80,
27-July-2012,,,,1978.83,
30-July-2012,,,,2017.51,
31-July-2012,,,,2027.46,
1-August-2012,,,,2032.73,
2-August-2012,,,,2028.90,
3-August-2012,,,,2023.75,
6-August-2012,,,,2047.46,
7-August-2012,,,,2068.38,
8-August-2012,,,,2068.12,
9-August-2012,,,,2063.34,
10-August-2012,,,,2061.83,
13-August-2012,,,,2073.07,
14-August-2012,,,,2084.90,
16-August-2012,,,,2077.43,
17-August-2012,,,,2077.91,
21-August-2012,,,,2099.36,
22-August-2012,,,,2094.96,
23-August-2012,,,,2093.74,
24-August-2012,,,,2084.79,
27-August-2012,,,,2069.84,
28-August-2012,,,,2063.21,
29-August-2012,,,,2045.48,
30-August-2012,,,,2051.89,
31-August-2012,,,,2037.58,
3-September-2012,,,,2031.21,
4-September-2012,,,,2038.91,
5-September-2012,,,,2021.25,
6-September-2012,,,,2026.21,
7-September-2012,,,,2064.24,
10-September-2012,,,,2072.31,
11-September-2012,,,,2082.54,
12-September-2012,,,,2097.26,
13-September-2012,,,,2098.31,
14-September-2012,,,,2151.13,
17-September-2012,,,,2166.25,
18-September-2012,,,,2165.70,
20-September-2012,,,,2149.18,
21-September-2012,,,,2200.34,
24-September-2012,,,,2193.03,
25-September-2012,,,,2194.44,
26-September-2012,,,,2188.93,
27-September-2012,,,,2184.68,
28-September-2012,,,,2206.60,
1-October-2012,,,,2213.54,
3-October-2012,,,,2220.13,
4-October-2012,,,,2242.29,
5-October-2012,,,,2227.74,
8-October-2012,,,,2200.96,
9-October-2012,,,,2210.86,
10-October-2012,,,,2191.24,
11-October-2012,,,,2213.97,
12-October-2012,,,,2201.54,
15-October-2012,,,,2204.58,
16-October-2012,,,,2188.92,
17-October-2012,,,,2192.23,
18-October-2012,,,,2215.33,
19-October-2012,,,,2201.92,
22-October-2012,,,,2214.14,
23-October-2012,,,,2204.21,
25-October-2012,,,,2209.98,
26-October-2012,,,,2192.88,
29-October-2012,,,,2193.70,
30-October-2012,,,,2167.29,
31-October-2012,,,,2176.65,
1-November-2012,,,,2186.34,
2-November-2012,,,,2208.06,
5-November-2012,,,,2209.17,
6-November-2012,,,,2217.68,
7-November-2012,,,,2229.63,
8-November-2012,,,,2223.24,
9-November-2012,,,,2204.04,
12-November-2012,,,,2203.52,
13-November-2012,,,,2196.75,
15-November-2012,,,,2182.49,
16-November-2012,,,,2160.93,
19-November-2012,,,,2160.68,
20-November-2012,,,,2157.41,
21-November-2012,,,,2172.95,
22-November-2012,,,,2180.03,
23-November-2012,,,,2178.60,
26-November-2012,,,,2183.17,
27-November-2012,,,,2217.10,
29-November-2012,,,,2254.68,
30-November-2012,,,,2276.84,
3-December-2012,,,,2275.25,
4-December-2012,,,,2280.84,
5-December-2012,,,,2286.54,
6-December-2012,,,,2299.50,
7-December-2012,,,,2290.04,
10-December-2012,,,,2288.58,
11-December-2012,,,,2285.98,
12-December-2012,,,,2281.98,
13-December-2012,,,,2266.81,
14-December-2012,,,,2278.99,
17-December-2012,,,,2273.53,
18-December-2012,,,,2288.14,
19-December-2012,,,,2302.52,
20-December-2012,,,,2296.51,
21-December-2012,,,,2269.37,
24-December-2012,,,,2271.63,
26-December-2012,,,,2289.99,
27-December-2012,,,,2280.01,
28-December-2012,,,,2293.47,
31-December-2012,,,,2293.64,
1-January-2013,,,,2311.85,
2-January-2013,,,,2328.73,
3-January-2013,,,,2335.21,
4-January-2013,,,,2338.16,
7-January-2013,,,,2329.22,
8-January-2013,,,,2332.86,
9-January-2013,,,,2322.41,
10-January-2013,,,,2320.59,
11-January-2013,,,,2312.98,
14-January-2013,,,,2341.89,
15-January-2013,,,,2353.34,
16-January-2013,,,,2332.60,
17-January-2013,,,,2349.66,
18-January-2013,,,,2359.18,
21-January-2013,,,,2367.56,
22-January-2013,,,,2353.30,
23-January-2013,,,,2353.19,
24-January-2013,,,,2335.93,
25-January-2013,,,,2359.54,
28-January-2013,,,,2360.37,
29-January-2013,,,,2349.48,
30-January-2013,,,,2352.93,
31-January-2013,,,,2347.16,
1-February-2013,,,,2333.58,
4-February-2013,,,,2325.98,
5-February-2013,,,,2315.93,
6-February-2013,,,,2317.09,
7-February-2013,,,,2308.58,
8-February-2013,,,,2293.75,
11-February-2013,,,,2291.37,
12-February-2013,,,,2300.52,
13-February-2013,,,,2303.25,
14-February-2013,,,,2287.56,
15-February-2013,,,,2285.11,
18-February-2013,,,,2289.22,
19-February-2013,,,,2307.41,
20-February-2013,,,,2308.78,
21-February-2013,,,,2271.15,
22-February-2013,,,,2272.64,
25-February-2013,,,,2271.92,
26-February-2013,,,,2236.46,
27-February-2013,,,,2252.86,
28-February-2013,,,,2213.92,
1-March-2013,,,,2218.26,
4-March-2013,,,,2208.48,
5-March-2013,,,,2243.49,
6-March-2013,,,,2258.30,
7-March-2013,,,,2275.44,
8-March-2013,,,,2306.46,
11-March-2013,,,,2303.80,
12-March-2013,,,,2293.65,
13-March-2013,,,,2268.47,
14-March-2013,,,,2293.04,
15-March-2013,,,,2278.17,
18-March-2013,,,,2260.43,
19-March-2013,,,,2224.41,
20-March-2013,,,,2205.46,
21-March-2013,,,,2189.42,
22-March-2013,,,,2184.84,
25-March-2013,,,,2178.65,
26-March-2013,,,,2180.01,
28-March-2013,,,,2198.38,
1-April-2013,,,,2204.08,
2-April-2013,,,,2224.61,
3-April-2013,,,,2196.82,
4-April-2013,,,,2159.85,
5-April-2013,,,,2153.26,
8-April-2013,,,,2150.53,
9-April-2013,,,,2128.59,
10-April-2013,,,,2152.97,
11-April-2013,,,,2165.27,
12-April-2013,,,,2141.90,
15-April-2013,,,,2155.55,
16-April-2013,,,,2200.70,
17-April-2013,,,,2199.63,
18-April-2013,,,,2231.93,
22-April-2013,,,,2249.75,
23-April-2013,,,,2251.29,
25-April-2013,,,,2278.98,
26-April-2013,,,,2262.93,
29-April-2013,,,,2276.43,
30-April-2013,,,,2288.62,
2-May-2013,,,,2315.35,
3-May-2013,,,,2296.22,
6-May-2013,,,,2306.40,
7-May-2013,,,,2331.44,
8-May-2013,,,,2340.34,
9-May-2013,,,,2333.67,
10-May-2013,,,,2348.17,
13-May-2013,,,,2305.18,
14-May-2013,,,,2310.54,
15-May-2013,,,,2366.28,
16-May-2013,,,,2374.37,
17-May-2013,,,,2382.65,
20-May-2013,,,,2375.02,
21-May-2013,,,,2359.86,
22-May-2013,,,,2350.77,
23-May-2013,,,,2303.03,
24-May-2013,,,,2309.06,
27-May-2013,,,,2345.27,
28-May-2013,,,,2357.29,
29-May-2013,,,,2352.48,
30-May-2013,,,,2359.21,
31-May-2013,,,,2307.97,
3-June-2013,,,,2290.96,
4-June-2013,,,,2283.46,
5-June-2013,,,,2285.36,
6-June-2013,,,,2283.67,
7-June-2013,,,,2269.22,
10-June-2013,,,,2267.27,
11-June-2013,,,,2232.90,
12-June-2013,,,,2221.10,
13-June-2013,,,,2194.21,
14-June-2013,,,,2235.24,
17-June-2013,,,,2251.28,
18-June-2013,,,,2241.25,
19-June-2013,,,,2245.02,
20-June-2013,,,,2183.20,
21-June-2013,,,,2186.38,
24-June-2013,,,,2153.99,
25-June-2013,,,,2162.50,
26-June-2013,,,,2153.80,
27-June-2013,,,,2190.69,
28-June-2013,,,,2248.53,
1-July-2013,,,,2274.00,
2-July-2013,,,,2261.65,
3-July-2013,,,,2223.26,
4-July-2013,,,,2246.82,
5-July-2013,,,,2257.64,
8-July-2013,,,,2239.95,
9-July-2013,,,,2255.12,
10-July-2013,,,,2239.97,
11-July-2013,,,,2282.69,
12-July-2013,,,,2311.51,
15-July-2013,,,,2324.45,
16-July-2013,,,,2299.59,
17-July-2013,,,,2306.13,
18-July-2013,,,,2328.25,
19-July-2013,,,,2327.09,
22-July-2013,,,,2325.98,
23-July-2013,,,,2342.25,
24-July-2013,,,,2312.87,
25-July-2013,,,,2281.13,
26-July-2013,,,,2273.40,
29-July-2013,,,,2252.58,
30-July-2013,,,,2221.94,
31-July-2013,,,,2219.90,
1-August-2013,,,,2212.01,
2-August-2013,,,,2189.96,
5-August-2013,,,,2193.51,
6-August-2013,,,,2140.46,
7-August-2013,,,,2135.22,
8-August-2013,,,,2152.52,
12-August-2013,,,,2171.88,
13-August-2013,,,,2204.65,
14-August-2013,,,,2221.39,
16-August-2013,,,,2132.99,
19-August-2013,,,,2099.24,
20-August-2013,,,,2095.13,
21-August-2013,,,,2055.54,
22-August-2013,,,,2100.44,
23-August-2013,,,,2121.11,
26-August-2013,,,,2124.55,
27-August-2013,,,,2054.62,
28-August-2013,,,,2053.30,
29-August-2013,,,,2099.05,
30-August-2013,,,,2122.03,
2-September-2013,,,,2150.53,
3-September-2013,,,,2075.93,
4-September-2013,,,,2114.19,
5-September-2013,,,,2164.92,
6-September-2013,,,,2198.86,
10-September-2013,,,,2279.26,
11-September-2013,,,,2286.23,
12-September-2013,,,,2260.82,
13-September-2013,,,,2261.13,
16-September-2013,,,,2259.97,
17-September-2013,,,,2265.93,
18-September-2013,,,,2283.58,
19-September-2013,,,,2364.90,
20-September-2013,,,,2327.24,
23-September-2013,,,,2283.79,
24-September-2013,,,,2284.26,
25-September-2013,,,,2276.67,
26-September-2013,,,,2279.38,
27-September-2013,,,,2263.81,
30-September-2013,,,,2227.07,
1-October-2013,,,,2242.26,
3-October-2013,,,,2288.45,
4-October-2013,,,,2288.51,
7-October-2013,,,,2286.77,
8-October-2013,,,,2296.35,
9-October-2013,,,,2327.70,
10-October-2013,,,,2331.71,
11-October-2013,,,,2358.39,
14-October-2013,,,,2366.54,
15-October-2013,,,,2357.83,
17-October-2013,,,,2343.09,
18-October-2013,,,,2394.37,
21-October-2013,,,,2400.90,
22-October-2013,,,,2401.15,
23-October-2013,,,,2390.48,
24-October-2013,,,,2384.18,
25-October-2013,,,,2374.02,
28-October-2013,,,,2359.11,
29-October-2013,,,,2403.75,
30-October-2013,,,,2414.65,
31-October-2013,,,,2431.04,
1-November-2013,,,,2437.79,
5-November-2013,,,,2418.19,
6-November-2013,,,,2406.77,
7-November-2013,,,,2393.84,
8-November-2013,,,,2377.42,
11-November-2013,,,,2353.59,
12-November-2013,,,,2329.44,
13-November-2013,,,,2321.01,
14-November-2013,,,,2347.08,
18-November-2013,,,,2397.49,
19-November-2013,,,,2402.30,
20-November-2013,,,,2373.75,
21-November-2013,,,,2326.48,
22-November-2013,,,,2325.82,
25-November-2013,,,,2371.59,
26-November-2013,,,,2350.06,
27-November-2013,,,,2350.62,
28-November-2013,,,,2363.28,
29-November-2013,,,,2393.96,
2-December-2013,,,,2408.05,
3-December-2013,,,,2403.70,
4-December-2013,,,,2387.55,
5-December-2013,,,,2417.01,
6-December-2013,,,,2424.52,
9-December-2013,,,,2460.24,
10-December-2013,,,,2449.80,
11-December-2013,,,,2438.57,
12-December-2013,,,,2411.08,
13-December-2013,,,,2384.81,
16-December-2013,,,,2378.71,
17-December-2013,,,,2373.99,
18-December-2013,,,,2403.77,
19-December-2013,,,,2385.72,
20-December-2013,,,,2427.61,
23-December-2013,,,,2432.96,
24-December-2013,,,,2426.64,
26-December-2013,,,,2431.42,
27-December-2013,,,,2443.88,
30-December-2013,,,,2436.08,
31-December-2013,,,,2440.75,
1-January-2014,,,,2440.05,
2-January-2014,,,,2407.09,
3-January-2014,,,,2404.03,
6-January-2014,,,,2396.53,
7-January-2014,,,,2383.92,
8-January-2014,,,,2389.84,
9-January-2014,,,,2385.24,
10-January-2014,,,,2387.33,
13-January-2014,,,,2426.56,
14-January-2014,,,,2415.42,
15-January-2014,,,,2443.22,
16-January-2014,,,,2440.98,
17-January-2014,,,,2417.37,
20-January-2014,,,,2432.75,
21-January-2014,,,,2436.04,
22-January-2014,,,,2444.67,
23-January-2014,,,,2447.38,
24-January-2014,,,,2419.19,
27-January-2014,,,,2369.38,
28-January-2014,,,,2365.46,
29-January-2014,,,,2364.43,
30-January-2014,,,,2346.70,
31-January-2014,,,,2354.23,
3-February-2014,,,,2320.84,
4-February-2014,,,,2321.99,
5-February-2014,,,,2328.00,
6-February-2014,,,,2335.23,
7-February-2014,,,,2343.14,
10-February-2014,,,,2338.05,
11-February-2014,,,,2342.56,
12-February-2014,,,,2350.67,
13-February-2014,,,,2319.34,
14-February-2014,,,,2337.22,
17-February-2014,,,,2346.28,
18-February-2014,,,,2366.10,
19-February-2014,,,,2376.50,
20-February-2014,,,,2354.90,
21-February-2014,,,,2376.28,
24-February-2014,,,,2388.17,
25-February-2014,,,,2393.62,
26-February-2014,,,,2407.92,
28-February-2014,,,,2422.96,
3-March-2014,,,,2402.67,
4-March-2014,,,,2432.29,
5-March-2014,,,,2441.87,
6-March-2014,,,,2472.03,
7-March-2014,,,,2518.80,
10-March-2014,,,,2523.81,
11-March-2014,,,,2513.63,
12-March-2014,,,,2514.80,
13-March-2014,,,,2507.06,
14-March-2014,,,,2510.66,
18-March-2014,,,,2515.09,
19-March-2014,,,,2517.92,
20-March-2014,,,,2503.85,
21-March-2014,,,,2506.04,
24-March-2014,,,,2539.86,
25-March-2014,,,,2542.60,
26-March-2014,,,,2548.29,
27-March-2014,,,,2564.90,
28-March-2014,,,,2587.41,
31-March-2014,,,,2594.75,
1-April-2014,,,,2599.60,
2-April-2014,,,,2613.07,
3-April-2014,,,,2607.49,
4-April-2014,,,,2591.52,
7-April-2014,,,,2592.74,
9-April-2014,,,,2632.58,
10-April-2014,,,,2638.57,
11-April-2014,,,,2629.54,
15-April-2014,,,,2609.99,
16-April-2014,,,,2586.18,
17-April-2014,,,,2626.77,
21-April-2014,,,,2642.62,
22-April-2014,,,,2641.45,
23-April-2014,,,,2650.84,
25-April-2014,,,,2627.54,
28-April-2014,,,,2620.05,
29-April-2014,,,,2601.69,
30-April-2014,,,,2591.42,
2-May-2014,,,,2590.76,
5-May-2014,,,,2593.04,
6-May-2014,,,,2599.45,
7-May-2014,,,,2577.92,
8-May-2014,,,,2579.60,
9-May-2014,,,,2655.91,
12-May-2014,,,,2717.06,
13-May-2014,,,,2758.41,
14-May-2014,,,,2761.20,
15-May-2014,,,,2766.48,
16-May-2014,,,,2801.73,
19-May-2014,,,,2837.07,
20-May-2014,,,,2839.28,
21-May-2014,,,,2829.93,
22-May-2014,,,,2839.66,
23-May-2014,,,,2879.14,
26-May-2014,,,,2874.29,
27-May-2014,,,,2853.97,
28-May-2014,,,,2859.87,
29-May-2014,,,,2822.06,
30-May-2014,,,,2820.20,
2-June-2014,,,,2874.32,
3-June-2014,,,,2895.42,
4-June-2014,,,,2892.77,
5-June-2014,,,,2921.53,
6-June-2014,,,,2966.38,
9-June-2014,,,,2997.69,
10-June-2014,,,,2994.95,
11-June-2014,,,,2978.18,
12-June-2014,,,,2989.65,
13-June-2014,,,,2942.25,
16-June-2014,,,,2941.24,
17-June-2014,,,,2982.27,
18-June-2014,,,,2952.51,
19-June-2014,,,,2942.88,
20-June-2014,,,,2931.07,
23-June-2014,,,,2923.72,
24-June-2014,,,,2961.63,
25-June-2014,,,,2955.81,
26-June-2014,,,,2926.58,
27-June-2014,,,,2932.70,
30-June-2014,,,,2972.69,
1-July-2014,,,,2983.75,
2-July-2014,,,,3021.47,
3-July-2014,,,,3016.41,
4-July-2014,,,,3030.71,
7-July-2014,,,,3044.78,
8-July-2014,,,,2975.21,
9-July-2014,,,,2959.26,
10-July-2014,,,,2957.42,
11-July-2014,,,,2908.55,
14-July-2014,,,,2909.55,
15-July-2014,,,,2938.87,
16-July-2014,,,,2976.39,
17-July-2014,,,,2983.93,
18-July-2014,,,,2989.54,
21-July-2014,,,,2996.08,
22-July-2014,,,,3029.03,
23-July-2014,,,,3037.94,
24-July-2014,,,,3050.72,
25-July-2014,,,,3030.47,
28-July-2014,,,,3016.47,
30-July-2014,,,,3033.93,
31-July-2014,,,,3009.35,
1-August-2014,,,,2966.51,
4-August-2014,,,,2997.78,
5-August-2014,,,,3020.87,
6-August-2014,,,,2992.98,
7-August-2014,,,,2985.20,
8-August-2014,,,,2951.08,
11-August-2014,,,,2973.79,
12-August-2014,,,,3014.16,
13-August-2014,,,,3014.43,
14-August-2014,,,,3037.32,
18-August-2014,,,,3072.66,
19-August-2014,,,,3082.26,
20-August-2014,,,,3074.12,
21-August-2014,,,,3079.18,
22-August-2014,,,,3086.11,
25-August-2014,,,,3081.54,
26-August-2014,,,,3078.55,
27-August-2014,,,,3089.92,
28-August-2014,,,,3097.29,
1-September-2014,,,,3129.37,
2-September-2014,,,,3147.96,
3-September-2014,,,,3159.65,
4-September-2014,,,,3150.69,
5-September-2014,,,,3147.72,
8-September-2014,,,,3183.74,
9-September-2014,,,,3178.55,
10-September-2014,,,,3154.50,
11-September-2014,,,,3151.54,
12-September-2014,,,,3157.15,
15-September-2014,,,,3132.45,
16-September-2014,,,,3087.07,
17-September-2014,,,,3101.42,
18-September-2014,,,,3158.04,
19-September-2014,,,,3154.60,
22-September-2014,,,,3163.68,
23-September-2014,,,,3113.94,
24-September-2014,,,,3107.86,
25-September-2014,,,,3072.55,
26-September-2014,,,,3095.22,
29-September-2014,,,,3090.65,
30-September-2014,,,,3092.77,
1-October-2014,,,,3085.13,
7-October-2014,,,,3049.20,
8-October-2014,,,,3045.39,
9-October-2014,,,,3089.18,
10-October-2014,,,,3049.40,
13-October-2014,,,,3059.49,
14-October-2014,,,,3051.14,
16-October-2014,,,,3004.06,
17-October-2014,,,,3014.13,
20-October-2014,,,,3054.84,
21-October-2014,,,,3074.23,
22-October-2014,,,,3100.92,
23-October-2014,,,,3110.03,
27-October-2014,,,,3097.85,
28-October-2014,,,,3110.13,
29-October-2014,,,,3134.99,
30-October-2014,,,,3163.89,
31-October-2014,,,,3223.40,
3-November-2014,,,,3225.55,
5-November-2014,,,,3228.55,
7-November-2014,,,,3227.94,
10-November-2014,,,,3228.33,
11-November-2014,,,,3234.65,
12-November-2014,,,,3243.53,
13-November-2014,,,,3232.78,
14-November-2014,,,,3246.23,
17-November-2014,,,,3263.78,
18-November-2014,,,,3264.39,
19-November-2014,,,,3246.18,
20-November-2014,,,,3255.25,
21-November-2014,,,,3283.58,
24-November-2014,,,,3300.31,
25-November-2014,,,,3273.65,
26-November-2014,,,,3280.23,
27-November-2014,,,,3286.80,
28-November-2014,,,,3321.05,
1-December-2014,,,,3308.25,
2-December-2014,,,,3296.67,
3-December-2014,,,,3301.43,
4-December-2014,,,,3312.51,
5-December-2014,,,,3302.00,
8-December-2014,,,,3263.79,
9-December-2014,,,,3224.43,
10-December-2014,,,,3231.55,
11-December-2014,,,,3207.41,
12-December-2014,,,,3181.64,
15-December-2014,,,,3176.15,
16-December-2014,,,,3117.49,
17-December-2014,,,,3103.73,
18-December-2014,,,,3155.93,
19-December-2014,,,,3179.66,
22-December-2014,,,,3215.88,
23-December-2014,,,,3194.21,
24-December-2014,,,,3162.31,
26-December-2014,,,,3168.78,
29-December-2014,,,,3188.49,
30-December-2014,,,,3192.10,
31-December-2014,,,,3204.91,
1-January-2015,,,,3207.56,
2-January-2015,,,,3248.41,
5-January-2015,,,,3242.04,
6-January-2015,,,,3146.64,
7-January-2015,,,,3138.51,
8-January-2015,,,,3189.03,
9-January-2015,,,,3206.76,
12-January-2015,,,,3223.18,
13-January-2015,,,,3212.35,
14-January-2015,,,,3207.67,
15-January-2015,,,,3286.17,
16-January-2015,,,,3293.65,
19-January-2015,,,,3311.38,
20-January-2015,,,,3363.68,
21-January-2015,,,,3376.28,
22-January-2015,,,,3390.60,
23-January-2015,,,,3421.44,
27-January-2015,,,,3452.62,
28-January-2015,,,,3453.35,
29-January-2015,,,,3464.90,
30-January-2015,,,,3417.13,
2-February-2015,,,,3413.30,
3-February-2015,,,,3397.11,
4-February-2015,,,,3383.66,
5-February-2015,,,,3377.84,
6-February-2015,,,,3359.37,
9-February-2015,,,,3306.95,
10-February-2015,,,,3323.68,
11-February-2015,,,,3349.67,
12-February-2015,,,,3381.87,
13-February-2015,,,,3414.39,
16-February-2015,,,,3419.49,
18-February-2015,,,,3441.01,
19-February-2015,,,,3453.87,
20-February-2015,,,,3429.46,
23-February-2015,,,,3398.84,
24-February-2015,,,,3403.20,
25-February-2015,,,,3404.59,
26-February-2015,,,,3376.90,
27-February-2015,,,,3436.88,
28-February-2015,,,,3453.19,
2-March-2015,,,,3473.08,
3-March-2015,,,,3489.65,
4-March-2015,,,,3463.76,
5-March-2015,,,,3469.58,
9-March-2015,,,,3400.66,
10-March-2015,,,,3386.17,
11-March-2015,,,,3382.75,
12-March-2015,,,,3414.29,
13-March-2015,,,,3364.42,
16-March-2015,,,,3357.19,
17-March-2015,,,,3392.16,
18-March-2015,,,,3379.79,
19-March-2015,,,,3359.53,
20-March-2015,,,,3333.98,
23-March-2015,,,,3321.71,
24-March-2015,,,,3319.74,
25-March-2015,,,,3315.23,
26-March-2015,,,,3247.04,
27-March-2015,,,,3241.01,
30-March-2015,,,,3301.14,
31-March-2015,,,,3300.27,
1-April-2015,,,,3334.48,
6-April-2015,,,,3364.42,
7-April-2015,,,,3369.53,
8-April-2015,,,,3392.40,
9-April-2015,,,,3410.36,
10-April-2015,,,,3413.45,
13-April-2015,,,,3435.20,
15-April-2015,,,,3404.85,
16-April-2015,,,,3385.34,
17-April-2015,,,,3352.42,
20-April-2015,,,,3291.22,
21-April-2015,,,,3264.20,
22-April-2015,,,,3281.86,
23-April-2015,,,,3266.43,
24-April-2015,,,,3230.45,
27-April-2015,,,,3195.13,
28-April-2015,,,,3223.06,
29-April-2015,,,,3205.04,
30-April-2015,,,,3185.19,
4-May-2015,,,,3244.29,
5-May-2015,,,,3244.11,
6-May-2015,,,,3154.26,
7-May-2015,,,,3134.56,
8-May-2015,,,,3188.96,
11-May-2015,,,,3239.10,
12-May-2015,,,,3162.92,
13-May-2015,,,,3208.33,
14-May-2015,,,,3207.52,
15-May-2015,,,,3220.45,
18-May-2015,,,,3263.27,
19-May-2015,,,,3261.71,
20-May-2015,,,,3283.36,
21-May-2015,,,,3282.22,
22-May-2015,,,,3296.80,
25-May-2015,,,,3265.66,
26-May-2015,,,,3252.25,
27-May-2015,,,,3248.10,
28-May-2015,,,,3240.59,
29-May-2015,,,,3282.20,
1-June-2015,,,,3275.78,
2-June-2015,,,,3203.23,
3-June-2015,,,,3158.36,
4-June-2015,,,,3158.31,
5-June-2015,,,,3153.41,
8-June-2015,,,,3123.17,
9-June-2015,,,,3117.54,
10-June-2015,,,,3156.05,
11-June-2015,,,,3097.34,
12-June-2015,,,,3101.63,
15-June-2015,,,,3115.02,
16-June-2015,,,,3124.16,
17-June-2015,,,,3140.59,
18-June-2015,,,,3171.82,
19-June-2015,,,,3195.27,
22-June-2015,,,,3242.64,
23-June-2015,,,,3254.35,
24-June-2015,,,,3241.69,
25-June-2015,,,,3257.40,
26-June-2015,,,,3248.06,
29-June-2015,,,,3225.15,
30-June-2015,,,,3243.85,
1-July-2015,,,,3274.77,
2-July-2015,,,,3273.50,
3-July-2015,,,,3287.90,
6-July-2015,,,,3302.03,
7-July-2015,,,,3299.15,
8-July-2015,,,,3244.41,
9-July-2015,,,,3231.39,
10-July-2015,,,,3241.33,
13-July-2015,,,,3277.77,
14-July-2015,,,,3275.22,
15-July-2015,,,,3302.98,
16-July-2015,,,,3333.86,
17-July-2015,,,,3337.10,
20-July-2015,,,,3335.34,
21-July-2015,,,,3303.23,
22-July-2015,,,,3340.88,
23-July-2015,,,,3327.23,
24-July-2015,,,,3299.28,
27-July-2015,,,,3239.70,
28-July-2015,,,,3227.84,
29-July-2015,,,,3240.62,
30-July-2015,,,,3259.80,
31-July-2015,,,,3302.69,
3-August-2015,,,,3307.27,
4-August-2015,,,,3301.71,
5-August-2015,,,,3321.97,
6-August-2015,,,,3329.67,
7-August-2015,,,,3321.16,
10-August-2015,,,,3304.80,
11-August-2015,,,,3276.67,
12-August-2015,,,,3232.20,
13-August-2015,,,,3234.87,
14-August-2015,,,,3296.15,
17-August-2015,,,,3280.54,
18-August-2015,,,,3276.83,
19-August-2015,,,,3286.80,
20-August-2015,,,,3245.82,
21-August-2015,,,,3217.70,
24-August-2015,,,,3023.78,
25-August-2015,,,,3058.37,
26-August-2015,,,,3022.48,
27-August-2015,,,,3086.47,
28-August-2015,,,,3104.61,
31-August-2015,,,,3093.38,
1-September-2015,,,,3022.25,
2-September-2015,,,,2997.10,
3-September-2015,,,,3037.63,
4-September-2015,,,,2972.47,
7-September-2015,,,,2933.48,
8-September-2015,,,,2980.13,
9-September-2015,,,,3029.22,
10-September-2015,,,,3018.33,
11-September-2015,,,,3015.02,
14-September-2015,,,,3049.27,
15-September-2015,,,,3031.16,
16-September-2015,,,,3056.50,
18-September-2015,,,,3089.55,
21-September-2015,,,,3087.19,
22-September-2015,,,,3024.65,
23-September-2015,,,,3038.54,
24-September-2015,,,,3043.87,
28-September-2015,,,,3015.36,
29-September-2015,,,,3029.96,
30-September-2015,,,,3071.72,
1-October-2015,,,,3076.03,
5-October-2015,,,,3141.74,
6-October-2015,,,,3155.93,
7-October-2015,,,,3165.45,
8-October-2015,,,,3147.36,
9-October-2015,,,,3167.03,
12-October-2015,,,,3151.08,
13-October-2015,,,,3144.09,
14-October-2015,,,,3137.15,
15-October-2015,,,,3162.89,
16-October-2015,,,,3184.71,
19-October-2015,,,,3197.67,
20-October-2015,,,,3193.69,
21-October-2015,,,,3189.37,
23-October-2015,,,,3204.53,
26-October-2015,,,,3191.36,
27-October-2015,,,,3181.51,
28-October-2015,,,,3159.39,
29-October-2015,,,,3137.51,
30-October-2015,,,,3119.42,
2-November-2015,,,,3113.57,
3-November-2015,,,,3118.50,
4-November-2015,,,,3112.61,
5-November-2015,,,,3081.44,
6-November-2015,,,,3077.48,
9-November-2015,,,,3065.44,
10-November-2015,,,,3016.12,
11-November-2015,,,,3033.46,
13-November-2015,,,,3006.69,
16-November-2015,,,,3019.65,
17-November-2015,,,,3032.56,
18-November-2015,,,,2995.75,
19-November-2015,,,,3037.45,
20-November-2015,,,,3041.22,
23-November-2015,3050.61,3052.57,3031.25,3039.12,
24-November-2015,3035.79,3047.44,3027.71,3033.37,
26-November-2015,3033.03,3058.99,3033.03,3053.09,
27-November-2015,3058.14,3077.12,3051.22,3071.33,
30-November-2015,3073.33,3080.94,3065.59,3069.90,
1-December-2015,3076.48,3083.28,3069.69,3075.02,
2-December-2015,3082.77,3084.73,3060.89,3067.86,
3-December-2015,3068.04,3068.04,3038.24,3041.92,
4-December-2015,3033.58,3033.58,3011.38,3013.11,
7-December-2015,3023.76,3029.79,3001.54,3007.82,
8-December-2015,3003.29,3010.02,2976.04,2982.30,
9-December-2015,2981.68,2982.19,2944.14,2946.47,
10-December-2015,2957.93,2976.11,2946.07,2972.47,
11-December-2015,2976.38,2979.71,2934.15,2946.07,
14-December-2015,2934.42,2965.71,2928.41,2960.82,
15-December-2015,2965.89,2980.92,2953.12,2978.68,
16-December-2015,2989.25,3009.26,2987.55,2999.06,
17-December-2015,3011.09,3037.93,2996.15,3035.06,
18-December-2015,3031.57,3034.30,3002.46,3006.85,
21-December-2015,2998.20,3033.34,2997.25,3030.82,
22-December-2015,3031.19,3037.92,3001.37,3014.63,
23-December-2015,3025.44,3046.56,3024.48,3044.21,
24-December-2015,3049.44,3052.66,3035.28,3044.14,
28-December-2015,3046.98,3070.13,3046.82,3064.96,
29-December-2015,3070.00,3075.44,3060.34,3069.32,
30-December-2015,3074.19,3074.88,3054.19,3056.55,
31-December-2015,3060.25,3077.74,3055.59,3075.27,
1-January-2016,3073.94,3087.26,3064.07,3083.17,
4-January-2016,3078.77,3078.84,3017.86,3021.11,
5-January-2016,3033.02,3036.08,3009.28,3019.38,
6-January-2016,3024.25,3026.07,2995.41,3001.78,
7-January-2016,2981.57,2982.06,2927.70,2930.87,
8-January-2016,2943.12,2959.29,2937.61,2944.90,
11-January-2016,2928.46,2947.15,2904.27,2930.84,
12-January-2016,2936.40,2938.40,2902.21,2911.39,
13-January-2016,2924.20,2938.75,2874.95,2926.96,
14-January-2016,2899.71,2943.00,2882.41,2916.37,
15-January-2016,2927.34,2930.69,2871.51,2875.28,
18-January-2016,2869.76,2884.31,2834.99,2839.87,
19-January-2016,2849.91,2880.39,2843.18,2869.91,
20-January-2016,2852.35,2852.35,2795.91,2820.93,
21-January-2016,2835.67,2856.93,2796.98,2807.65,
22-January-2016,2824.17,2866.12,2824.17,2862.86,
25-January-2016,2875.51,2888.42,2864.17,2868.22,
27-January-2016,2883.83,2884.30,2863.01,2868.35,
28-January-2016,2868.58,2878.92,2859.25,2865.17,
29-January-2016,2854.47,2917.40,2853.87,2912.43,
1-February-2016,2925.97,2928.10,2905.74,2910.33,
2-February-2016,2914.57,2919.60,2862.98,2872.50,
3-February-2016,2852.78,2856.89,2830.65,2834.61,
4-February-2016,2853.69,2871.71,2836.20,2851.27,
5-February-2016,2855.23,2892.39,2853.38,2886.81,
8-February-2016,2889.70,2897.45,2840.72,2850.11,
9-February-2016,2827.75,2827.75,2808.27,2815.19,
10-February-2016,2808.89,2808.89,2765.98,2781.41,
11-February-2016,2779.97,2780.14,2682.87,2687.94,
12-February-2016,2699.89,2711.26,2646.05,2692.67,
15-February-2016,2722.63,2770.65,2720.94,2761.52,
16-February-2016,2776.43,2777.40,2713.96,2717.11,
17-February-2016,2720.59,2744.64,2683.30,2738.82,
18-February-2016,2758.06,2780.70,2746.23,2769.96,
19-February-2016,2768.97,2783.61,2754.62,2777.57,
22-February-2016,2786.74,2795.03,2776.01,2788.05,
23-February-2016,2795.78,2795.78,2737.32,2742.82,
24-February-2016,2735.20,2735.81,2703.98,2706.94,
25-February-2016,2708.94,2710.99,2686.12,2689.60,
26-February-2016,2709.42,2719.78,2695.30,2711.23,
29-February-2016,2720.96,2736.95,2637.16,2697.36,
1-March-2016,2711.14,2788.85,2709.36,2784.44,
2-March-2016,2814.99,2842.87,2814.99,2838.55,
3-March-2016,2855.27,2882.35,2852.79,2878.78,
4-March-2016,2888.21,2890.95,2869.32,2884.35,
8-March-2016,2885.64,2901.37,2870.10,2886.76,
9-March-2016,2873.81,2905.20,2863.00,2902.45,
10-March-2016,2907.02,2908.12,2870.03,2884.16,
11-March-2016,2883.56,2906.66,2875.81,2893.38,
14-March-2016,2904.06,2921.71,2895.93,2903.44,
15-March-2016,2906.68,2907.69,2873.04,2876.81,
16-March-2016,2876.40,2891.39,2852.92,2888.72,
17-March-2016,2907.81,2921.66,2882.31,2893.99,
18-March-2016,2900.84,2932.04,2896.25,2929.03,
21-March-2016,2935.86,2972.13,2934.54,2968.00,
22-March-2016,2973.71,2978.85,2944.90,2973.16,
23-March-2016,2972.54,2977.15,2956.35,2973.93,
28-March-2016,2981.91,2983.53,2924.69,2934.09,
29-March-2016,2934.42,2947.73,2920.95,2928.56,
30-March-2016,2947.57,2982.23,2947.57,2980.44,
31-March-2016,2983.68,2996.54,2969.88,2983.97,
1-April-2016,2981.17,2985.54,2958.86,2975.38,
4-April-2016,2983.12,2994.44,2972.99,2992.56,
5-April-2016,2990.34,2990.34,2927.96,2932.80,
6-April-2016,2943.70,2945.67,2928.46,2937.66,
7-April-2016,2948.63,2949.69,2909.02,2913.09,
8-April-2016,2911.56,2921.75,2905.21,2916.48,
11-April-2016,2927.60,2960.82,2901.20,2957.95,
12-April-2016,2961.93,2976.70,2957.64,2973.00,
13-April-2016,2996.33,3032.81,2996.33,3027.32,
18-April-2016,3047.55,3052.65,3025.68,3050.01,
20-April-2016,3063.42,3067.19,3039.89,3053.36,
21-April-2016,3066.77,3079.20,3043.37,3052.75,
22-April-2016,3053.46,3058.69,3040.23,3049.45,
25-April-2016,3054.68,3054.68,3020.52,3030.92,
26-April-2016,3023.56,3075.73,3018.68,3071.32,
27-April-2016,3067.88,3081.80,3061.26,3077.84,
28-April-2016,3077.96,3081.77,3022.11,3026.69,
29-April-2016,3027.47,3042.67,3003.66,3026.29,
2-May-2016,3022.77,3022.81,3000.24,3011.89,
3-May-2016,3018.77,3044.08,2986.03,2990.28,
4-May-2016,2987.59,2990.03,2966.59,2970.96,
5-May-2016,2980.28,2998.34,2971.69,2983.95,
6-May-2016,2981.19,2984.75,2961.94,2982.07,
9-May-2016,2993.02,3034.36,2991.96,3031.13,
10-May-2016,3031.35,3042.34,3020.52,3038.32,
11-May-2016,3013.77,3039.61,2997.42,3021.17,
12-May-2016,3031.56,3048.41,3024.84,3043.99,
13-May-2016,3038.85,3038.97,3001.11,3011.52,
16-May-2016,3014.96,3032.84,2995.35,3028.61,
17-May-2016,3040.31,3058.05,3035.11,3039.56,
18-May-2016,3029.91,3036.39,3009.67,3032.22,
19-May-2016,3033.46,3033.68,2990.68,2996.13,
20-May-2016,2999.73,3008.59,2978.46,2983.91,
23-May-2016,2998.64,3006.86,2974.67,2977.51,
24-May-2016,2980.73,2986.77,2970.14,2982.88,
25-May-2016,2998.47,3054.94,2998.47,3052.84,
26-May-2016,3065.55,3107.47,3058.94,3103.12,
27-May-2016,3108.26,3141.40,3107.93,3138.18,
30-May-2016,3144.92,3157.22,3138.38,3147.84,
31-May-2016,3159.06,3161.03,3131.54,3143.05,
1-June-2016,3145.76,3164.11,3145.01,3148.43,
2-June-2016,3146.43,3168.42,3140.23,3163.56,
3-June-2016,3173.96,3181.62,3159.82,3164.98,
6-June-2016,3170.87,3171.33,3151.18,3157.63,
7-June-2016,3164.48,3192.44,3163.76,3181.74,
8-June-2016,3189.24,3191.27,3178.52,3185.87,
9-June-2016,3184.81,3184.90,3154.50,3161.66,
10-June-2016,3159.25,3184.47,3146.29,3148.52,
13-June-2016,3129.87,3129.91,3106.77,3125.15,
14-June-2016,3134.06,3134.31,3110.51,3125.21,
15-June-2016,3135.39,3164.14,3131.97,3161.26,
16-June-2016,3158.18,3158.18,3114.00,3138.31,
17-June-2016,3152.14,3160.69,3137.50,3148.47,
20-June-2016,3133.42,3179.02,3127.40,3177.25,
21-June-2016,3181.59,3183.29,3165.51,3170.24,
22-June-2016,3169.10,3178.65,3147.27,3163.49,
23-June-2016,3162.56,3194.24,3158.34,3187.76,
24-June-2016,3115.23,3121.86,3056.52,3117.57,
27-June-2016,3113.09,3134.33,3108.03,3124.02,
28-June-2016,3125.51,3145.39,3122.24,3138.52,
29-June-2016,3150.66,3169.70,3150.02,3165.87,
30-June-2016,3185.04,3205.39,3182.29,3198.88,
1-July-2016,3205.39,3227.95,3205.39,3218.03,
4-July-2016,3234.93,3246.58,3231.62,3234.64,
5-July-2016,3241.47,3243.95,3217.90,3222.86,
7-July-2016,3228.54,3234.87,3219.73,3225.91,
8-July-2016,3236.01,3236.34,3206.65,3218.79,
11-July-2016,3244.19,3277.59,3244.01,3275.33,
12-July-2016,3281.36,3297.17,3279.46,3295.27,
13-July-2016,3306.03,3308.22,3289.06,3295.03,
14-July-2016,3299.08,3316.07,3290.71,3313.89,
15-July-2016,3318.23,3327.95,3294.53,3303.97,
18-July-2016,3313.71,3324.03,3287.47,3292.76,
19-July-2016,3297.00,3304.06,3280.10,3299.26,
20-July-2016,3298.84,3319.53,3297.71,3317.60,
21-July-2016,3325.21,3327.05,3293.97,3296.27,
22-July-2016,3298.24,3315.10,3289.31,3312.35,
25-July-2016,3310.02,3349.26,3307.11,3347.41,
26-July-2016,3351.53,3354.98,3324.95,3330.43,
27-July-2016,3332.11,3358.45,3323.84,3340.20,
28-July-2016,3350.77,3362.16,3343.29,3358.41,
29-July-2016,3362.04,3363.00,3344.25,3346.18,
1-August-2016,3351.24,3373.77,3326.89,3344.19,
2-August-2016,3350.72,3365.61,3334.17,3337.57,
3-August-2016,3344.76,3345.13,3300.83,3306.62,
4-August-2016,3329.61,3331.86,3298.35,3310.68,
5-August-2016,3322.74,3363.45,3321.69,3360.03,
8-August-2016,3371.79,3379.09,3367.22,3372.86,
9-August-2016,3383.06,3383.16,3344.56,3358.12,
10-August-2016,3363.33,3364.47,3310.84,3314.97,
11-August-2016,3317.72,3325.00,3301.01,3320.73,
12-August-2016,3326.97,3357.47,3325.56,3350.37,
16-August-2016,3355.62,3357.69,3328.09,3343.29,
17-August-2016,3343.39,3354.38,3330.27,3337.17,
18-August-2016,3345.57,3363.71,3345.51,3357.18,
19-August-2016,3364.02,3368.04,3349.45,3355.84,
22-August-2016,3358.29,3364.70,3335.77,3341.16,
23-August-2016,3342.82,3345.02,3321.45,3339.82,
24-August-2016,3348.11,3353.50,3338.22,3350.02,
25-August-2016,3356.21,3361.88,3323.88,3327.46,
26-August-2016,3333.20,3339.15,3310.67,3320.02,
29-August-2016,3324.89,3334.40,3308.53,3329.47,
30-August-2016,3341.79,3394.22,3341.63,3381.83,
31-August-2016,3387.55,3408.56,3386.97,3395.37,
1-September-2016,3395.73,3405.54,3383.06,3388.82,
2-September-2016,3396.50,3407.45,3387.30,3401.71,
6-September-2016,3412.27,3456.60,3412.27,3453.13,
7-September-2016,3461.39,3465.30,3446.70,3448.85,
8-September-2016,3448.93,3466.41,3441.76,3463.26,
9-September-2016,3465.62,3465.62,3430.10,3433.10,
12-September-2016,3397.94,3397.95,3366.63,3372.09,
14-September-2016,3375.15,3383.65,3364.82,3378.53,
15-September-2016,3381.77,3385.68,3369.38,3380.28,
16-September-2016,3392.35,3424.17,3388.31,3401.02,
19-September-2016,3404.80,3416.29,3397.63,3407.83,
20-September-2016,3414.01,3414.60,3391.73,3396.83,
21-September-2016,3399.61,3416.64,3390.73,3396.40,
22-September-2016,3425.28,3441.58,3420.13,3432.50,
23-September-2016,3437.21,3438.62,3416.58,3421.01,
26-September-2016,3416.11,3416.11,3380.09,3382.90,
27-September-2016,3390.62,3398.87,3368.84,3374.50,
28-September-2016,3372.50,3398.23,3372.50,3390.23,
29-September-2016,3405.01,3412.97,3311.84,3325.65,
30-September-2016,3324.37,3349.02,3313.12,3339.17,
3-October-2016,3355.44,3395.30,3350.24,3392.09,
4-October-2016,3404.91,3411.32,3392.75,3405.83,
5-October-2016,3417.95,3422.11,3393.59,3398.45,
6-October-2016,3405.89,3417.54,3378.94,3388.96,
7-October-2016,3391.38,3396.42,3370.14,3383.19,
10-October-2016,3391.74,3402.21,3385.25,3386.65,
13-October-2016,3384.20,3384.20,3320.83,3334.05,
14-October-2016,3342.20,3347.37,3326.27,3339.95,
17-October-2016,3351.36,3353.45,3310.16,3314.60,
18-October-2016,3328.24,3374.77,3327.65,3373.59,
19-October-2016,3380.77,3382.98,3360.73,3368.55,
20-October-2016,3374.81,3395.21,3374.81,3384.37,
21-October-2016,3389.61,3389.61,3368.23,3382.78,
24-October-2016,3390.50,3399.30,3381.49,3389.86,
25-October-2016,3389.31,3393.42,3371.08,3382.13,
26-October-2016,3378.20,3378.20,3344.97,3353.83,
27-October-2016,3350.49,3353.63,3326.58,3350.47,
28-October-2016,3359.49,3366.57,3339.92,3360.18,
30-October-2016,3375.41,3379.22,3356.64,3361.00,
1-November-2016,3365.87,3376.45,3355.09,3358.08,
2-November-2016,3336.22,3336.22,3311.52,3314.79,
3-November-2016,3313.54,3325.52,3297.50,3301.34,
4-November-2016,3303.95,3306.77,3265.99,3278.59,
7-November-2016,3309.81,3318.33,3296.91,3303.86,
8-November-2016,3312.62,3326.55,3297.57,3320.01,
9-November-2016,3163.18,3292.22,3104.59,3276.35,
10-November-2016,3316.85,3344.42,3309.39,3315.97,
11-November-2016,3295.35,3295.36,3219.66,3225.53,
15-November-2016,3228.98,3229.00,3137.58,3143.53,
16-November-2016,3167.71,3183.45,3136.74,3143.85,
17-November-2016,3146.69,3161.41,3127.66,3137.15,
18-November-2016,3142.45,3153.51,3123.55,3132.94,
21-November-2016,3143.53,3145.45,3070.76,3075.84,
22-November-2016,3093.65,3112.09,3079.56,3106.30,
23-November-2016,3123.07,3127.82,3097.06,3121.23,
24-November-2016,3120.06,3120.06,3092.72,3100.93,
25-November-2016,3113.35,3157.96,3104.26,3154.70,
28-November-2016,3152.89,3168.86,3139.89,3160.44,
29-November-2016,3168.91,3189.08,3162.26,3167.45,
30-November-2016,3177.27,3203.71,3167.66,3200.70,
1-December-2016,3212.90,3214.21,3184.15,3186.16,
2-December-2016,3173.21,3173.73,3140.16,3145.98,
5-December-2016,3149.39,3168.28,3136.70,3164.08,
6-December-2016,3170.91,3182.94,3165.77,3169.38,
7-December-2016,3176.52,3187.62,3143.86,3154.83,
8-December-2016,3170.60,3213.01,3170.22,3209.29,
9-December-2016,3219.96,3220.56,3208.67,3214.00,
12-December-2016,3211.61,3211.61,3173.35,3178.95,
13-December-2016,3186.94,3197.87,3172.85,3195.17,
14-December-2016,3196.59,3199.10,3175.62,3180.71,
15-December-2016,3169.15,3197.78,3157.15,3170.13,
16-December-2016,3172.96,3177.66,3159.72,3161.96,
19-December-2016,3164.55,3164.55,3145.61,3148.75,
20-December-2016,3149.92,3156.02,3130.69,3138.20,
21-December-2016,3145.55,3149.78,3129.36,3132.67,
22-December-2016,3130.64,3132.71,3093.35,3098.35,
23-December-2016,3095.05,3114.25,3082.21,3100.80,
26-December-2016,3096.38,3097.57,3062.52,3067.09,
27-December-2016,3066.53,3120.05,3064.67,3115.48,
28-December-2016,3121.20,3144.05,3116.15,3118.26,
29-December-2016,3137.74,3147.78,3113.16,3144.75,
30-December-2016,3154.69,3181.72,3149.87,3176.06,
2-January-2017,3185.87,3189.49,3161.68,3178.77,
3-January-2017,3182.14,3196.58,3169.78,3187.63,
4-January-2017,3190.20,3196.89,3181.97,3185.42,
5-January-2017,3198.54,3222.83,3198.54,3218.73,
6-January-2017,3227.07,3233.56,3204.69,3208.38,
9-January-2017,3217.42,3218.85,3202.70,3205.84,
10-January-2017,3216.52,3227.20,3215.70,3225.06,
11-January-2017,3235.07,3264.44,3235.07,3261.14,
12-January-2017,3265.10,3276.81,3262.95,3271.62,
13-January-2017,3285.51,3293.37,3259.97,3269.18,
16-January-2017,3269.93,3281.82,3261.96,3277.11,
17-January-2017,3282.59,3289.11,3264.85,3271.11,
18-January-2017,3274.43,3297.51,3273.73,3280.80,
19-January-2017,3280.95,3291.13,3276.76,3287.19,
20-January-2017,3279.87,3284.68,3250.24,3253.27,
23-January-2017,3250.12,3276.14,3246.88,3271.43,
24-January-2017,3277.85,3307.79,3275.59,3305.49,
25-January-2017,3315.38,3356.74,3313.23,3353.46,
27-January-2017,3359.25,3382.97,3359.02,3371.57,
30-January-2017,3370.41,3380.35,3361.71,3368.65,
31-January-2017,3371.50,3371.52,3334.16,3337.21,
1-February-2017,3340.43,3401.97,3328.81,3399.78,
2-February-2017,3404.94,3415.23,3388.76,3407.09,
3-February-2017,3412.21,3414.59,3396.79,3409.08,
6-February-2017,3422.48,3439.88,3422.36,3432.90,
7-February-2017,3435.99,3437.78,3409.15,3419.89,
8-February-2017,3425.85,3431.15,3400.90,3422.05,
9-February-2017,3428.38,3442.23,3404.45,3426.13,
10-February-2017,3433.63,3441.28,3422.00,3428.94,
13-February-2017,3440.65,3442.47,3414.54,3433.51,
14-February-2017,3438.84,3438.89,3421.43,3429.29,
15-February-2017,3422.37,3433.55,3395.01,3399.04,
16-February-2017,3405.61,3427.06,3396.03,3425.18,
17-February-2017,3461.23,3467.80,3436.10,3443.41,
